Date,US,EU,EM,Tech,EU HY,Me A Ee
2026-01-19,275.81,27.08,279.13,59.69,265.57,156.5
2026-01-18,275.81,27.08,281.87,59.69,265.57,157.58
2026-01-15,275.81,27.53,281.07,60.5,265.9,156.77
2026-01-14,276.81,27.59,282.09,60.78,265.81,157.29
2026-01-13,273.98,27.43,279.91,59.82,265.79,157.25
2026-01-12,276.42,27.54,278.24,60.62,265.73,156.88
2026-01-11,276.0,27.49,277.25,60.78,265.7,155.44
2026-01-08,276.63,27.39,276.23,60.73,265.57,154.21
2026-01-07,274.84,26.96,275.96,60.05,265.44,152.89
2026-01-06,275.99,27.05,278.04,60.42,265.24,153.18
2026-01-05,274.43,27.09,278.19,60.26,264.91,152.81
2026-01-04,273.5,27.05,273.85,59.58,264.68,151.28
2026-01-01,272.65,26.69,270.14,58.2,264.05,150.4
2025-12-29,272.51,26.43,266.53,58.09,264.24,148.63
2025-12-28,271.88,26.23,264.74,57.92,264.18,148.47
2025-12-22,270.8,26.21,260.03,57.51,264.01,149.2
2025-12-21,269.97,26.18,259.49,57.68,263.88,148.91
2025-12-18,269.22,26.26,261.45,57.45,263.8,148.02
2025-12-17,267.15,26.17,259.27,57.29,263.8,147.07
2025-12-16,267.29,25.88,260.61,56.82,263.69,146.95
2025-12-15,266.82,26.06,257.4,56.85,263.65,145.88
2025-12-14,268.45,26.21,261.01,57.21,263.55,146.71
2025-12-11,271.47,26.06,262.62,57.58,263.47,148.01
2025-12-10,270.09,26.21,260.04,58.03,263.41,146.97
2025-12-09,272.35,25.99,263.04,58.52,263.46,146.61
2025-12-08,273.25,26.04,261.13,58.55,263.57,145.89
2025-12-07,273.68,26.07,262.45,58.55,263.63,145.56
2025-12-04,273.45,26.06,263.9,58.56,263.67,146.18
2025-12-03,271.45,26.03,261.62,57.9,263.55,144.49
2025-12-02,271.03,25.93,261.54,57.68,263.49,144.0
2025-12-01,272.63,25.9,262.37,57.34,263.35,144.08
2025-11-30,271.84,25.81,259.69,57.04,263.22,144.22
2025-11-27,272.98,25.82,259.84,56.99,263.21,144.35
2025-11-26,272.32,25.75,259.89,56.63,263.05,143.8
2025-11-25,272.32,25.76,260.08,56.9,262.84,144.24
2025-11-24,268.91,25.39,257.75,56.45,262.68,142.85
2025-11-23,268.36,25.18,256.4,56.03,262.56,142.92
2025-11-20,264.95,25.08,253.98,55.37,262.25,142.87
2025-11-19,272.17,25.33,257.32,55.68,262.49,145.17
2025-11-18,267.96,25.21,255.35,55.85,262.15,144.83
2025-11-17,263.76,25.18,254.6,55.65,262.17,143.3
2025-11-16,269.67,25.67,260.37,56.94,262.55,145.11
2025-11-13,267.55,25.92,259.71,57.46,262.46,144.93
2025-11-12,271.45,26.15,263.42,57.51,262.94,146.74
2025-11-11,274.96,26.35,264.24,58.21,263.1,147.01
2025-11-10,272.9,26.07,264.66,58.07,262.91,145.85
2025-11-09,272.99,25.8,262.68,57.95,262.89,145.84
2025-11-06,267.8,25.36,259.14,56.62,262.64,143.44
2025-11-05,272.27,25.56,261.95,57.76,262.87,145.18
2025-11-04,275.1,25.83,258.56,58.89,262.9,144.42
2025-11-03,275.68,25.77,258.05,59.06,262.81,144.23
2025-11-02,276.34,25.86,259.65,59.83,263.03,146.05
2025-10-30,276.44,25.78,258.65,59.58,263.25,146.26
2025-10-29,275.87,25.96,257.37,59.42,263.32,146.29
2025-10-28,274.82,25.96,256.62,59.31,263.42,147.11
2025-10-27,273.82,25.95,253.82,59.3,263.26,145.54
2025-10-26,273.63,25.98,255.65,59.37,263.01,144.44
2025-10-22,270.71,25.79,253.6,58.43,261.98,146.1
2025-10-21,271.49,25.66,253.36,58.41,261.98,144.82
2025-10-20,270.63,25.87,253.45,58.95,261.88,144.1
2025-10-19,268.51,25.83,252.05,58.5,261.64,145.79
2025-10-16,265.34,25.5,246.75,57.26,261.38,145.29
2025-10-15,267.64,25.71,248.97,57.75,261.73,147.14
2025-10-14,269.24,25.5,247.22,57.71,261.73,147.09
2025-10-13,265.93,25.26,242.75,57.28,260.71,146.83
2025-10-12,267.93,25.33,245.54,57.48,260.75,147.4
2025-10-09,271.52,25.17,248.23,56.93,260.93,147.28
2025-10-08,270.5,25.59,249.64,58.46,261.47,147.8
2025-10-07,268.79,25.71,247.78,58.54,262.8,147.19
2025-10-06,268.84,25.54,248.07,57.7,262.05,146.0
2025-10-05,266.93,25.61,247.91,58.04,262.16,145.9
2025-10-02,267.13,25.71,247.41,57.56,262.3,145.3
2025-10-01,266.73,25.69,247.66,57.44,262.44,145.0
2025-09-30,264.21,25.4,244.42,56.65,262.13,145.45
2025-09-29,264.86,25.16,244.72,56.38,262.04,143.97
2025-09-28,265.35,25.06,243.32,56.67,262.11,143.67
2025-09-25,266.02,25.02,239.89,56.14,261.95,143.21
2025-09-24,263.4,24.75,243.79,56.39,262.07,142.93
2025-09-23,265.12,24.84,245.55,56.21,262.26,143.73
2025-09-22,265.63,24.87,243.14,56.41,262.17,142.31
2025-09-21,264.75,24.73,244.8,56.19,262.07,142.06
2025-09-18,265.21,24.8,245.79,55.69,261.85,141.33
2025-09-17,264.28,24.79,246.45,55.88,261.85,141.0
2025-09-16,261.85,24.39,247.46,54.74,261.54,139.83
2025-09-15,263.1,24.41,244.13,54.3,261.49,139.91
2025-09-14,264.73,24.78,244.62,54.41,261.43,140.18
2025-09-11,265.17,24.5,245.04,54.21,261.2,140.63
2025-09-10,263.33,24.48,243.3,54.14,261.1,139.9
2025-09-09,263.48,24.37,244.22,53.92,260.99,139.24
2025-09-08,261.06,24.38,241.82,54.11,260.86,138.96
2025-09-07,260.59,24.34,239.67,53.83,260.83,138.81
2025-09-04,261.63,24.13,239.8,53.45,260.63,139.25
2025-09-03,261.84,24.26,237.05,53.51,260.21,138.99
2025-09-02,260.55,24.15,237.58,53.05,258.86,139.2
2025-09-01,259.06,23.99,236.81,52.54,260.22,138.53
2025-08-31,261.42,24.36,237.93,53.34,260.58,138.94
2025-08-28,261.42,24.3,236.86,53.32,259.32,139.41
2025-08-27,262.1,24.51,237.78,53.87,260.63,139.78
2025-08-26,263.42,24.49,237.79,53.87,260.63,141.14
2025-08-25,261.07,24.47,240.38,53.3,260.57,141.82
2025-08-24,260.92,24.73,242.33,53.6,260.61,142.25
2025-08-21,259.25,24.92,238.52,53.2,260.61,141.06
2025-08-20,258.89,24.81,236.99,52.55,261.85,141.28
2025-08-19,257.73,24.84,237.87,52.35,260.85,141.01
2025-08-18,260.09,24.91,237.88,53.12,261.02,141.21
2025-08-17,260.4,24.71,237.53,53.16,261.07,140.64
2025-08-14,260.15,24.78,238.15,53.09,261.03,141.1
2025-08-13,261.16,24.72,238.15,53.2,261.03,141.1
2025-08-12,260.73,24.51,238.52,53.1,260.88,141.02
2025-08-11,258.53,24.3,237.17,52.81,260.71,140.59
2025-08-10,259.07,24.28,237.87,52.85,260.59,140.42
2025-08-07,257.52,24.34,236.8,52.67,260.19,140.24
2025-08-06,258.6,24.27,237.6,52.56,260.16,140.16
2025-08-05,255.85,23.98,233.33,52.1,259.95,138.67
2025-08-04,259.34,23.92,235.42,52.23,259.86,138.65
2025-08-03,258.33,23.93,232.56,52.5,259.62,137.26
2025-07-31,255.23,23.54,231.43,52.03,259.55,135.54
2025-07-30,266.44,24.25,237.49,54.09,259.76,138.04
2025-07-29,263.62,24.58,239.32,54.18,259.57,137.62
2025-07-28,263.3,24.51,237.44,53.99,259.57,136.43
2025-07-27,261.32,24.34,236.55,53.72,259.46,135.73
2025-07-24,258.54,24.38,233.98,53.08,258.99,135.82
2025-07-23,257.36,24.39,235.08,53.1,258.94,135.96
2025-07-22,256.04,24.38,234.71,53.14,258.58,136.14
2025-07-21,256.05,24.09,230.63,52.89,258.35,135.36
2025-07-20,258.85,24.3,231.21,53.39,258.3,136.45
2025-07-17,258.31,24.36,230.13,53.34,258.17,135.85
2025-07-16,259.02,24.44,230.71,53.28,259.32,135.4
2025-07-15,257.13,24.08,231.23,52.4,257.95,134.5
2025-07-14,257.1,24.34,230.77,52.86,259.38,134.32
2025-07-13,255.14,24.4,229.38,52.42,258.1,133.94
2025-07-10,255.14,24.47,228.35,52.47,258.17,134.23
2025-07-09,255.13,24.72,228.45,52.83,258.2,134.82
2025-07-08,255.07,24.75,227.05,52.48,257.98,134.51
2025-07-07,253.98,24.41,228.05,52.68,258.92,133.98
2025-07-06,254.77,24.28,227.09,52.46,257.65,133.39
2025-07-03,253.49,24.06,226.74,52.34,257.48,133.3
2025-07-02,253.49,24.31,225.67,52.89,257.45,133.3
2025-07-01,251.31,24.19,224.42,52.12,257.14,131.79
2025-06-30,250.46,24.03,222.08,51.77,256.99,131.59
2025-06-29,251.26,24.09,222.0,51.67,256.81,131.79
2025-06-26,249.93,24.2,221.57,52.03,256.72,130.44
2025-06-25,247.76,23.79,220.67,51.6,256.78,130.44
2025-06-24,249.67,23.86,222.32,51.66,256.83,130.42
2025-06-23,247.88,24.13,221.53,51.68,256.85,130.11
2025-06-22,246.09,23.72,217.84,50.72,256.37,127.73
2025-06-19,246.61,23.77,217.84,50.93,256.37,127.29
2025-06-18,247.45,23.6,217.89,51.01,256.34,126.87
2025-06-17,247.45,23.91,220.11,51.54,256.61,127.46
2025-06-16,246.73,24.0,219.2,51.7,256.71,128.12
2025-06-15,246.5,24.24,217.42,51.47,256.74,128.73
2025-06-12,246.25,24.02,216.9,51.26,256.6,128.68
2025-06-11,246.02,24.33,219.19,51.59,256.98,129.79
2025-06-10,249.77,24.48,223.44,52.27,256.98,132.17
2025-06-09,249.38,24.58,222.9,52.45,256.84,132.64
2025-06-08,249.98,24.6,220.52,52.11,256.4,131.55
2025-06-05,250.76,24.63,220.52,51.85,256.4,131.55
2025-06-04,245.9,24.54,217.63,51.62,256.35,131.55
2025-06-03,248.12,24.51,217.99,50.9,256.13,131.55
2025-06-02,246.02,24.38,215.0,50.42,255.88,130.24
2025-06-01,242.46,24.3,213.2,49.68,256.81,129.41
2025-05-29,245.0,24.34,216.37,50.0,255.46,130.51
2025-05-28,246.29,24.35,217.62,50.27,255.99,131.72
2025-05-27,246.82,24.43,217.62,50.81,255.99,132.42
2025-05-26,243.82,24.56,215.95,50.6,254.55,131.14
2025-05-25,240.7,24.46,215.99,50.12,254.16,131.41
2025-05-22,240.7,24.15,214.69,49.55,254.16,130.76
2025-05-21,244.91,24.59,216.95,50.58,254.3,131.51
2025-05-20,246.21,24.72,218.22,50.97,254.49,132.16
2025-05-19,249.53,24.73,219.95,51.07,254.44,132.64
2025-05-18,249.15,24.6,219.98,51.12,254.24,131.98
2025-05-15,249.84,24.45,226.09,51.63,254.24,132.43
2025-05-14,247.81,24.45,226.09,51.5,254.1,132.05
2025-05-13,248.51,24.4,228.27,51.56,255.28,132.1
2025-05-12,249.42,24.44,229.45,51.79,254.24,132.62
2025-05-11,246.84,24.32,230.21,51.27,254.74,132.33
2025-05-08,238.53,23.92,222.54,48.72,252.74,130.51
2025-05-07,236.72,23.8,222.54,48.62,252.74,129.05
2025-05-06,234.54,23.54,221.59,47.6,252.4,128.3
2025-05-05,233.26,23.68,220.3,47.7,252.16,127.97
2025-05-04,235.67,23.76,220.92,48.02,251.92,128.61
2025-05-01,234.82,23.7,220.03,47.99,251.92,126.83
2025-04-29,224.09,23.12,216.75,46.21,251.91,126.83
2025-04-28,226.4,23.13,215.81,46.09,252.4,127.53
2025-04-27,227.47,23.15,217.54,45.78,252.36,127.58
2025-04-24,225.7,23.07,214.72,45.77,252.06,127.22
2025-04-23,223.3,22.89,213.7,45.64,251.72,127.08
2025-04-22,224.99,22.78,216.4,44.94,251.46,126.51
2025-04-21,213.04,22.18,208.87,43.38,250.02,124.27
2025-04-16,218.54,22.02,209.12,43.52,249.79,124.58
2025-04-15,219.78,22.16,207.77,43.65,249.18,124.97
2025-04-14,226.07,22.21,210.22,44.63,248.99,125.48
2025-04-13,225.63,21.91,209.42,43.89,248.26,124.06
2025-04-10,219.89,21.36,203.94,42.84,247.65,121.32
2025-04-09,225.73,21.5,206.67,42.96,248.31,122.79
2025-04-08,214.89,20.6,199.14,41.35,245.4,118.62
2025-04-07,227.69,21.28,204.79,43.69,247.71,122.44
2025-04-06,214.91,20.73,206.72,42.6,246.05,118.52
2025-04-03,225.21,21.73,215.08,43.81,248.72,123.36
2025-04-02,233.23,22.79,223.2,46.14,251.14,127.17
2025-04-01,245.01,23.62,230.6,49.02,251.94,132.4
2025-03-31,244.93,23.69,231.11,49.18,251.94,133.42
2025-03-30,241.11,23.37,229.35,48.39,251.91,133.42
2025-03-27,245.24,23.74,231.49,49.08,252.24,133.42
2025-03-26,252.04,23.96,235.03,50.43,252.43,134.13
2025-03-25,253.28,24.09,234.06,50.72,252.78,133.93
2025-03-24,254.61,24.4,232.6,51.17,252.78,132.87
2025-03-23,254.19,24.09,234.02,51.06,252.78,132.31
2025-03-20,248.12,24.17,235.48,50.47,252.73,132.39
2025-03-19,251.24,24.22,237.67,50.59,252.74,132.39
2025-03-18,246.81,24.45,238.75,50.57,252.55,132.26
2025-03-17,244.8,24.36,236.32,50.09,253.36,133.78
2025-03-16,246.54,24.22,234.88,50.41,252.13,133.5
2025-03-13,246.37,24.0,232.12,50.01,251.72,132.93
2025-03-12,244.82,23.66,228.99,49.15,252.02,131.84
2025-03-11,243.58,23.8,228.19,49.73,252.32,130.49
2025-03-10,241.98,23.62,229.6,49.2,252.65,129.15
2025-03-09,246.06,23.97,232.9,50.38,253.01,130.29
2025-03-06,252.28,24.34,233.09,50.86,252.26,131.5
2025-03-05,253.94,24.57,233.01,51.67,252.34,131.29
2025-03-04,256.23,24.44,228.8,51.6,254.16,131.48
2025-03-03,261.47,23.96,226.95,51.84,255.54,131.57
2025-03-02,270.17,24.64,229.3,53.49,255.75,133.55
2025-02-27,269.35,24.3,230.03,53.33,254.59,133.59
2025-02-26,271.78,24.33,235.57,54.08,255.56,134.49
2025-02-25,272.05,24.58,233.79,54.39,254.57,134.55
2025-02-24,269.89,24.22,230.83,54.22,254.37,134.03
2025-02-23,272.72,24.25,232.46,54.78,254.36,134.25
2025-02-20,277.17,24.34,233.8,55.78,254.25,135.21
2025-02-19,278.82,24.32,232.68,55.42,254.13,135.81
2025-02-18,279.35,24.32,234.64,55.73,254.1,135.58
2025-02-17,279.16,24.64,234.37,55.43,255.06,136.18
2025-02-16,277.6,24.58,233.01,55.07,253.85,135.13
2025-02-13,277.6,24.47,228.57,54.75,253.76,135.48
2025-02-12,278.28,24.48,227.22,54.73,254.35,135.99
2025-02-11,278.63,24.03,226.31,54.46,253.03,135.66
2025-02-10,279.73,23.96,223.07,54.64,253.12,135.7
2025-02-09,281.02,23.81,223.07,54.84,253.12,135.21
2025-02-06,281.18,23.7,222.46,54.09,252.99,134.34
2025-02-05,280.77,23.84,220.35,54.31,252.94,133.45
2025-02-04,276.16,23.44,216.21,53.97,252.63,131.43
2025-02-03,277.34,23.41,218.83,54.21,252.24,131.9
2025-02-02,277.38,23.19,217.25,54.03,251.96,131.81
2025-01-30,281.8,23.5,218.06,54.56,252.13,132.51
2025-01-29,278.89,23.51,217.32,54.08,251.77,132.12
2025-01-28,279.17,23.25,216.09,53.71,252.38,131.99
2025-01-27,276.01,23.1,217.15,53.55,251.2,131.44
2025-01-26,273.73,23.06,213.99,52.89,251.0,130.18
2025-01-23,280.84,23.2,211.27,53.62,251.11,131.27
2025-01-22,281.44,23.22,211.28,54.0,251.07,131.75
2025-01-21,281.3,23.18,211.85,54.22,252.0,132.05
2025-01-20,279.66,22.97,214.08,53.7,250.87,131.52
2025-01-19,279.29,23.0,209.9,53.65,250.65,130.92
2025-01-16,279.29,22.89,210.42,54.02,251.41,131.35
2025-01-15,278.04,22.7,209.71,53.56,250.25,130.57
2025-01-14,276.89,22.37,207.69,53.14,250.02,130.43
2025-01-13,273.36,22.14,205.91,52.26,250.38,129.39
2025-01-12,273.14,22.03,204.36,52.18,250.28,129.48
2025-01-09,274.91,22.13,207.06,52.66,249.8,130.02
2025-01-08,276.41,22.3,209.63,53.34,249.98,129.86
2025-01-07,276.41,22.2,210.12,53.24,250.31,129.73
2025-01-06,278.26,22.27,213.45,53.34,250.56,129.67
2025-01-05,278.76,22.17,211.06,53.71,250.62,129.38
2025-01-02,276.68,21.65,212.06,53.15,250.56,129.52
2025-01-01,276.77,21.86,212.27,53.13,250.62,129.03
2024-12-29,270.96,21.63,211.27,52.59,250.44,127.26
2024-12-26,275.63,21.76,212.8,52.84,250.36,126.94
2024-12-22,273.88,21.56,213.17,53.04,250.27,126.82
2024-12-19,269.56,21.6,213.12,53.03,250.24,127.05
2024-12-18,272.62,21.67,212.98,53.12,250.3,127.2
2024-12-17,277.62,22.02,213.19,53.93,250.61,127.27
2024-12-16,276.82,21.95,212.15,53.66,250.59,127.27
2024-12-15,279.37,21.98,215.19,53.64,250.62,128.33
2024-12-12,279.97,22.07,215.72,53.63,250.56,128.2
2024-12-11,280.65,22.06,217.65,53.94,250.64,128.02
2024-12-10,281.66,22.04,216.62,53.87,250.61,127.9
2024-12-09,280.68,22.01,214.94,53.65,250.46,127.57
2024-12-08,280.2,22.16,218.24,53.87,251.2,127.38
2024-12-05,281.74,22.13,211.73,53.28,249.97,126.37
2024-12-04,281.15,22.01,211.06,53.11,249.72,125.82
2024-12-03,282.73,21.87,212.49,53.3,249.41,125.65
2024-12-02,281.58,21.69,212.81,52.84,248.09,124.54
2024-12-01,282.33,21.54,213.39,53.05,248.66,124.17
2024-11-28,279.28,21.34,209.99,52.28,248.51,122.56
2024-11-27,278.95,21.14,210.16,51.97,248.31,122.73
2024-11-26,278.95,21.02,211.87,51.72,248.19,122.75
2024-11-25,279.52,21.15,211.72,52.48,248.1,123.61
2024-11-24,279.01,21.32,211.18,52.5,248.0,123.33
2024-11-21,280.84,21.27,210.35,52.41,247.69,124.04
2024-11-20,275.03,21.11,209.05,51.75,247.6,122.82
2024-11-19,273.97,21.0,209.84,51.26,247.69,122.15
2024-11-18,271.53,21.1,209.14,51.04,248.59,121.29
2024-11-17,271.38,21.27,208.49,51.11,248.66,121.95
2024-11-14,274.75,21.26,207.96,50.97,248.71,121.87
2024-11-13,278.61,21.43,208.55,51.75,248.71,122.0
2024-11-12,278.15,21.02,208.82,51.8,247.59,121.95
2024-11-11,277.86,21.02,209.29,51.57,247.67,122.3
2024-11-10,276.81,21.52,215.27,51.98,247.64,122.7
2024-11-07,273.48,21.29,216.11,51.8,247.39,121.95
2024-11-06,271.07,21.51,218.72,51.81,247.25,121.7
2024-11-05,268.96,21.28,215.52,51.25,247.22,120.73
2024-11-04,259.0,21.58,216.42,49.98,246.84,119.08
2024-11-03,257.66,21.51,213.6,49.6,246.81,118.49
2024-10-31,260.44,21.62,213.16,49.94,246.67,119.28
2024-10-30,258.36,21.4,213.16,49.51,246.67,118.63
2024-10-29,264.35,21.69,214.73,50.52,247.06,119.5
2024-10-28,265.13,21.92,218.15,51.13,247.03,120.31
2024-10-27,264.38,22.01,217.9,50.8,246.98,120.13
2024-10-24,265.41,21.88,214.96,50.77,246.83,119.09
2024-10-23,263.06,21.85,216.93,50.38,246.83,119.52
2024-10-22,265.21,21.8,219.85,50.71,246.68,119.56
2024-10-21,264.7,21.87,219.27,50.72,246.71,120.22
2024-10-20,264.75,21.88,218.53,50.73,246.94,120.41
2024-10-17,263.67,22.08,218.42,50.9,246.96,120.23
2024-10-16,264.78,21.93,214.02,50.74,246.75,120.28
2024-10-15,260.19,21.76,217.41,50.39,246.47,120.04
2024-10-14,261.57,21.91,215.17,50.27,246.28,119.19
2024-10-13,261.53,22.28,218.68,50.41,245.89,118.76
2024-10-10,257.77,22.12,219.28,50.12,245.71,118.57
2024-10-09,256.04,21.97,220.07,49.85,245.48,118.1
2024-10-08,254.62,22.02,219.2,49.91,245.43,117.47
2024-10-07,253.23,21.88,222.74,49.52,245.41,117.65
2024-10-06,252.69,21.96,233.5,49.63,245.52,117.1
2024-10-03,252.53,21.89,230.42,49.89,245.73,117.12
2024-10-02,250.43,21.75,227.06,49.29,245.93,116.5
2024-10-01,249.18,21.93,232.25,49.27,246.04,117.53
2024-09-30,249.9,21.9,223.26,48.84,246.08,119.16
2024-09-29,247.91,22.11,222.59,48.85,245.78,119.03
2024-09-26,248.79,22.4,217.49,49.16,245.79,120.41
2024-09-25,249.88,22.24,211.21,48.88,245.54,121.49
2024-09-24,247.6,21.74,204.49,48.37,245.3,119.9
2024-09-23,247.55,21.83,204.93,48.41,246.31,119.81
2024-09-22,248.32,21.6,201.15,48.13,245.03,119.06
2024-09-19,247.25,21.53,202.88,47.77,244.91,117.86
2024-09-18,247.92,21.84,202.86,48.1,244.82,118.08
2024-09-17,244.92,21.37,201.09,47.09,244.15,116.85
2024-09-16,245.88,21.49,201.89,47.5,244.07,116.86
2024-09-15,244.8,21.34,200.23,47.08,243.84,116.2
2024-09-12,245.33,21.41,199.89,47.53,243.5,116.43
2024-09-11,243.61,21.28,199.02,47.13,243.2,116.0
2024-09-10,240.12,21.06,196.86,46.47,242.94,115.45
2024-09-09,241.13,20.99,199.2,46.36,243.25,116.97
2024-09-08,239.61,21.12,200.38,46.53,243.18,116.93
2024-09-05,240.02,20.94,203.32,46.04,243.06,117.78
2024-09-04,241.28,21.27,203.41,46.73,242.91,117.89
2024-09-03,241.73,21.41,202.28,46.99,242.78,117.88
2024-09-02,245.12,21.69,204.71,47.52,242.93,118.54
2024-09-01,246.5,21.96,205.23,48.25,242.93,119.13
2024-08-29,246.5,21.9,206.13,48.17,242.82,118.45
2024-08-28,246.22,21.93,205.77,48.48,242.48,118.43
2024-08-27,244.92,21.7,206.05,47.72,242.26,117.96
2024-08-26,243.56,21.64,207.21,47.91,242.08,117.81
2024-08-25,245.41,21.62,207.02,47.83,241.73,118.24
2024-08-22,245.19,21.68,204.88,47.88,241.79,118.02
2024-08-21,246.8,21.57,204.4,47.69,241.6,118.2
2024-08-20,246.5,21.57,205.02,47.68,241.57,118.27
2024-08-19,246.77,21.45,205.71,47.61,241.43,118.22
2024-08-18,245.39,21.51,206.93,47.74,241.28,118.55
2024-08-15,245.4,21.37,206.15,47.74,241.14,117.97
2024-08-14,245.37,21.25,203.31,47.57,240.65,117.65
2024-08-13,240.27,20.87,203.31,46.54,240.65,115.92
2024-08-12,240.56,20.73,203.8,46.59,240.36,115.23
2024-08-11,238.19,20.63,204.53,46.25,240.12,114.96
2024-08-08,237.18,20.64,204.03,45.87,239.82,114.31
2024-08-07,235.86,20.61,202.98,45.83,240.58,114.31
2024-08-06,238.21,20.61,201.47,45.83,239.56,114.54
2024-08-05,233.46,20.2,197.7,45.13,238.98,112.78
2024-08-04,229.38,20.17,194.52,44.68,238.66,110.97
2024-08-01,238.43,20.46,203.34,45.96,239.76,116.66
2024-07-31,250.69,21.02,210.91,48.21,240.22,119.57
2024-07-30,246.38,21.5,210.5,48.89,240.03,119.33
2024-07-29,246.21,21.34,209.36,48.13,239.78,119.06
2024-07-28,246.18,21.23,210.31,48.3,239.54,119.0
2024-07-25,243.58,21.44,208.6,48.04,239.35,118.67
2024-07-24,242.42,21.22,207.87,47.73,240.18,118.04
2024-07-23,245.87,21.45,208.28,48.12,239.33,119.04
2024-07-22,249.52,21.7,207.22,49.22,239.17,119.18
2024-07-21,247.27,21.61,207.17,48.8,239.0,119.36
2024-07-18,246.68,21.29,208.68,48.62,238.85,118.86
2024-07-17,248.17,21.48,211.16,49.04,238.85,118.96
2024-07-16,248.93,21.58,211.3,49.53,238.76,118.38
2024-07-15,252.05,21.85,213.71,50.29,238.77,118.78
2024-07-14,251.02,22.01,211.56,50.02,238.7,117.97
2024-07-11,250.69,22.28,213.44,49.96,238.53,117.98
2024-07-10,252.27,21.99,211.99,49.68,238.48,117.73
2024-07-09,251.97,21.91,208.77,49.53,238.24,117.46
2024-07-08,251.83,21.67,210.53,49.32,238.19,117.44
2024-07-07,251.5,21.96,208.35,49.5,239.32,117.44
2024-07-04,250.39,22.0,208.9,49.44,239.02,117.18
2024-07-03,249.36,22.04,209.6,49.28,237.69,117.52
2024-07-02,249.36,21.93,208.15,49.2,237.53,116.65
2024-07-01,248.93,21.66,207.12,48.9,237.29,116.25
2024-06-30,248.58,21.77,210.26,48.66,237.31,116.96
2024-06-27,252.25,21.61,210.59,48.93,236.83,117.6
2024-06-26,250.32,21.65,209.53,48.75,236.92,116.79
2024-06-25,250.41,21.71,211.96,48.61,238.06,117.06
2024-06-24,249.06,21.8,211.71,48.37,236.92,117.1
2024-06-23,249.24,21.85,212.38,48.47,236.77,116.87
2024-06-20,249.62,21.66,212.91,48.37,236.64,117.22
2024-06-19,250.67,21.83,214.33,48.41,236.59,116.74
2024-06-18,249.4,21.56,213.76,48.1,236.51,116.62
2024-06-17,249.4,21.68,212.06,48.09,236.41,114.21
2024-06-16,247.88,21.54,210.62,47.79,236.07,114.21
2024-06-13,248.85,21.37,211.82,47.83,236.25,114.21
2024-06-12,246.77,21.79,210.21,47.72,236.73,113.4
2024-06-11,246.5,22.23,210.38,47.93,236.7,113.4
2024-06-10,244.14,21.93,212.63,47.31,236.23,113.55
2024-06-09,243.66,22.16,213.7,47.44,236.36,113.2
2024-06-06,242.43,22.31,213.62,47.24,236.56,111.53
2024-06-05,240.83,22.39,213.56,46.98,236.6,110.92
2024-06-04,238.99,22.24,212.87,46.75,236.51,110.98
2024-06-03,236.84,21.86,212.45,46.05,236.51,111.22
2024-06-02,237.83,22.09,213.84,46.3,236.3,112.43
2024-05-30,237.27,22.0,210.86,45.72,235.6,110.75
2024-05-29,237.27,21.99,214.55,46.25,235.6,110.98
2024-05-28,238.06,21.89,214.55,46.64,235.65,112.59
2024-05-27,238.41,22.18,217.07,47.07,235.87,112.59
2024-05-26,237.88,22.29,216.39,47.14,235.52,113.36
2024-05-23,237.88,22.2,216.12,47.32,235.51,114.11
2024-05-22,239.27,22.2,219.58,47.32,235.57,114.11
2024-05-21,239.9,22.15,222.3,47.39,235.52,115.19
2024-05-20,238.55,22.25,223.07,47.19,235.54,115.5
2024-05-19,239.79,22.34,223.77,47.36,235.29,115.5
2024-05-16,238.77,22.27,223.77,47.15,235.29,115.02
2024-05-15,239.63,22.35,220.81,47.33,235.31,114.5
2024-05-14,238.14,22.4,218.27,47.1,234.92,114.35
2024-05-13,235.69,22.31,218.4,46.65,234.62,114.38
2024-05-12,236.58,22.34,220.0,46.56,234.73,114.91
2024-05-09,237.87,22.3,214.6,46.34,235.89,114.9
2024-05-08,235.98,22.16,214.6,46.25,235.74,114.9
2024-05-07,236.34,22.04,214.6,46.2,235.74,115.01
2024-05-06,235.08,21.95,214.29,46.18,234.41,114.69
2024-05-05,234.1,21.69,215.44,45.84,233.85,114.52
2024-05-02,232.81,21.52,214.49,45.62,233.86,114.27
2024-05-01,230.22,21.38,212.54,45.09,233.54,114.27
2024-04-29,232.58,21.51,209.94,45.18,233.43,114.36
2024-04-28,232.08,21.75,211.44,45.32,233.48,114.14
2024-04-25,231.36,21.84,205.98,45.41,233.24,113.16
2024-04-24,226.37,21.52,203.21,44.38,234.11,111.85
2024-04-23,231.56,21.78,203.49,45.09,233.51,112.21
2024-04-22,229.15,21.8,202.55,44.78,233.45,112.42
2024-04-21,227.73,21.47,200.32,44.21,233.04,111.93
2024-04-18,228.35,21.34,200.32,44.09,232.63,111.93
2024-04-17,229.52,21.42,203.16,44.81,232.52,112.1
2024-04-16,231.39,21.33,201.16,44.82,232.43,112.04
2024-04-15,231.39,21.35,200.38,45.17,232.18,112.04
2024-04-14,235.92,21.63,206.37,45.93,233.14,114.75
2024-04-11,235.77,21.51,209.86,46.11,233.41,113.44
2024-04-10,233.24,21.56,210.73,46.22,233.46,113.44
2024-04-09,232.27,21.7,211.31,46.05,233.94,113.44
2024-04-08,231.54,21.65,209.77,45.97,233.9,113.44
2024-04-07,232.42,21.89,207.74,45.9,233.69,113.44
2024-04-04,232.0,21.73,208.17,45.74,233.62,113.44
2024-04-03,233.15,21.98,208.16,46.24,233.71,112.27
2024-04-02,232.72,21.86,207.31,45.99,233.48,112.27
2024-04-01,232.74,21.86,207.77,45.99,233.52,112.7
2024-03-27,234.48,22.04,203.14,46.12,233.55,112.7
2024-03-26,232.54,22.07,201.09,45.8,233.52,112.03
2024-03-25,233.13,21.99,202.19,45.83,233.54,111.83
2024-03-24,232.99,21.87,205.55,45.71,233.78,112.08
2024-03-21,233.36,21.81,205.55,46.04,233.38,112.88
2024-03-20,232.56,21.88,207.35,46.09,233.96,112.76
2024-03-19,230.08,21.65,205.77,45.18,234.42,111.74
2024-03-18,228.28,21.67,205.15,44.98,235.49,111.23
2024-03-17,229.41,21.57,206.87,45.02,235.56,111.24
2024-03-14,227.66,21.58,206.87,44.72,236.67,111.83
2024-03-13,228.62,21.61,208.82,45.17,235.52,112.3
2024-03-12,227.8,21.64,207.96,45.19,235.59,112.25
2024-03-11,228.29,21.57,207.87,45.36,235.23,111.59
2024-03-10,225.54,21.34,205.1,44.92,235.05,111.65
2024-03-07,229.37,21.47,202.97,45.01,234.83,112.15
2024-03-06,227.73,21.57,201.51,44.98,234.4,112.21
2024-03-05,227.11,21.32,203.34,44.92,233.91,112.48
2024-03-04,226.69,21.21,201.28,44.63,233.85,112.09
2024-03-03,228.22,21.29,202.54,45.25,233.76,112.53
2024-02-29,225.2,21.18,199.49,45.23,233.46,112.73
2024-02-28,225.2,21.09,198.87,44.86,233.27,111.91
2024-02-27,224.18,21.13,198.87,44.65,233.26,111.91
2024-02-26,224.61,21.14,201.72,44.86,233.4,112.33
2024-02-25,225.1,21.05,203.18,44.84,233.62,112.19
2024-02-22,224.43,21.08,203.6,44.91,233.46,112.92
2024-02-21,224.43,21.01,203.55,44.84,233.1,113.17
2024-02-20,218.92,20.66,201.67,44.07,232.81,113.16
2024-02-19,218.98,20.6,199.49,44.11,232.81,113.39
2024-02-18,222.5,20.64,199.49,44.6,232.72,113.39
2024-02-15,222.5,20.66,200.98,44.8,233.81,112.68
2024-02-14,222.27,20.56,198.09,44.7,232.52,112.15
2024-02-13,222.79,20.41,198.09,44.4,232.28,112.03
2024-02-12,221.14,20.29,197.89,44.31,232.14,111.47
2024-02-11,223.41,20.58,196.16,44.98,232.26,110.85
2024-02-08,222.45,20.41,196.16,44.6,231.88,110.85
2024-02-07,222.6,20.37,198.76,44.34,231.65,111.13
2024-02-06,221.6,20.23,201.15,44.0,231.69,111.18
2024-02-05,220.32,20.28,201.71,43.83,231.68,111.43
2024-02-04,221.08,20.13,197.7,43.59,231.86,111.14
2024-02-01,217.8,20.12,197.7,43.49,232.16,110.44
2024-01-31,214.07,20.05,195.24,42.89,231.98,110.43
2024-01-30,213.3,20.09,195.24,43.07,233.5,109.26
2024-01-29,215.8,20.16,197.16,43.58,232.43,109.55
2024-01-28,215.27,20.06,200.69,43.71,232.44,110.19
2024-01-25,213.35,20.04,200.69,43.62,232.24,109.77
2024-01-23,211.5,19.73,198.62,43.58,232.89,109.77
2024-01-22,211.01,19.31,195.19,43.32,231.43,108.89
2024-01-21,210.69,19.37,191.59,42.93,231.32,108.63
2024-01-18,207.91,19.22,193.58,42.41,230.77,108.13
2024-01-17,206.35,19.24,193.07,42.14,230.54,108.13
2024-01-16,205.99,19.03,193.07,41.49,230.22,108.14
2024-01-15,205.99,19.21,198.51,42.01,230.77,108.94
2024-01-14,204.59,19.25,200.01,42.12,231.14,108.94
2024-01-11,204.59,19.36,200.05,42.16,231.1,109.01
2024-01-10,203.97,19.19,200.05,41.68,230.94,108.95
2024-01-09,203.97,19.31,200.14,41.75,230.26,108.21
2024-01-08,201.86,19.3,201.48,41.87,229.34,108.45
2024-01-07,202.21,19.44,204.02,42.33,229.13,106.99
2023-12-28,202.21,19.44,204.02,42.33,230.18,106.99
2023-12-27,201.56,19.41,203.25,42.5,230.19,106.41
2023-12-26,200.94,19.47,201.17,42.19,230.07,104.95
2023-12-21,201.55,19.45,199.53,42.21,229.93,104.95
2023-12-20,200.72,19.46,199.67,42.01,229.84,105.99
2023-12-19,202.56,19.45,199.67,42.33,229.64,106.6
2023-12-18,201.99,19.45,197.66,42.11,230.55,105.94
2023-12-17,201.26,19.39,200.5,42.02,229.18,106.13
2023-12-14,201.26,19.52,200.5,42.23,229.06,106.13
2023-12-13,200.58,19.47,197.77,41.85,228.56,106.13
2023-12-12,202.41,19.43,197.68,41.53,226.59,104.89
2023-12-11,200.65,19.46,197.68,41.59,226.08,105.24
2023-12-10,200.41,19.48,197.68,41.68,225.87,105.7
2023-12-07,199.58,19.4,199.9,41.44,225.7,105.54
2023-12-06,198.3,19.19,199.9,41.0,225.74,105.54
2023-12-05,198.56,19.23,201.42,41.06,225.55,105.67
2023-12-04,197.1,19.1,199.41,40.83,225.14,105.1
2023-12-03,197.1,18.94,202.77,40.65,224.8,105.71
2023-11-30,197.76,18.94,202.77,40.59,224.27,105.06
2023-11-29,196.25,18.79,201.66,40.03,223.75,105.06
2023-11-28,196.2,18.74,200.7,39.96,223.26,104.34
2023-11-27,195.25,18.65,202.3,39.45,222.32,103.99
2023-11-26,196.65,18.71,202.3,39.49,223.38,103.88
2023-11-23,198.01,18.78,202.47,39.44,223.08,103.87
2023-11-22,198.01,18.7,203.61,39.47,222.99,104.05
2023-11-21,198.01,18.69,203.61,39.66,222.71,104.15
2023-11-20,195.4,18.57,200.54,39.32,221.15,103.93
2023-11-19,195.49,18.61,196.65,39.41,220.99,104.3
2023-11-16,195.82,18.6,196.65,39.25,220.87,104.3
2023-11-15,195.36,18.47,196.57,39.12,220.78,104.91
2023-11-14,195.66,18.49,197.79,39.44,221.0,104.91
2023-11-13,195.59,18.39,195.21,39.01,220.48,103.5
2023-11-12,194.77,18.13,195.21,38.68,219.61,103.14
2023-11-09,193.51,17.98,194.54,38.4,220.52,103.56
2023-11-08,193.24,18.12,196.72,38.43,219.6,103.64
2023-11-07,193.24,17.9,196.72,37.9,219.33,104.6
2023-11-06,192.45,17.81,195.83,37.97,219.17,104.6
2023-11-05,190.97,17.81,193.49,37.52,219.28,104.92
2023-11-02,190.51,17.88,193.49,37.61,220.18,103.94
2023-11-01,190.49,17.86,189.93,37.22,218.75,103.94
2023-10-31,188.5,17.53,189.16,36.52,217.26,102.98
2023-10-30,184.45,17.39,189.16,36.25,217.26,101.69
2023-10-29,183.25,17.24,189.21,35.76,216.75,100.94
2023-10-26,183.2,17.18,189.65,35.81,216.35,100.3
2023-10-25,184.23,17.33,189.43,35.87,216.29,100.69
2023-10-24,186.0,17.44,190.38,36.16,216.67,100.91
2023-10-23,186.92,17.4,188.71,36.86,217.61,100.19
2023-10-22,185.83,17.3,188.79,36.63,215.57,99.86
2023-10-19,188.19,17.23,190.28,36.88,215.51,101.19
2023-10-18,190.83,17.51,190.07,37.54,216.98,101.85
2023-10-17,192.32,17.58,193.69,37.68,216.54,103.13
2023-10-16,191.91,17.78,193.69,37.93,218.19,103.86
2023-10-15,193.33,17.76,193.38,38.05,217.43,103.3
2023-10-12,193.48,17.71,193.38,37.89,217.7,103.61
2023-10-11,193.48,17.97,194.85,38.42,217.99,103.61
2023-10-10,191.72,17.98,192.62,38.05,217.88,103.3
2023-10-09,190.1,18.0,188.51,38.13,217.29,102.67
2023-10-08,190.1,17.61,188.51,37.66,216.74,101.43
2023-10-05,187.98,17.74,188.77,37.66,216.81,102.72
2023-10-04,188.55,17.55,185.25,37.21,215.89,102.72
2023-10-03,188.37,17.53,185.25,37.54,217.91,103.35
2023-10-02,189.98,17.53,189.05,37.54,217.91,104.85
2023-10-01,189.98,17.71,191.14,37.93,218.48,104.85
2023-09-28,190.83,17.9,192.45,37.83,218.34,104.58
2023-09-27,189.52,17.81,192.45,37.61,217.79,104.58
2023-09-26,189.94,17.68,192.45,37.49,218.31,105.05
2023-09-25,189.09,17.67,190.2,37.4,218.38,104.51
2023-09-24,190.13,17.84,191.47,37.83,218.81,104.79
2023-09-21,190.29,18.01,191.47,37.76,218.82,104.11
2023-09-20,190.29,18.03,191.47,37.62,218.96,104.11
2023-09-19,193.09,18.3,193.12,38.29,219.34,104.57
2023-09-18,193.09,18.15,195.46,38.17,219.24,104.05
2023-09-17,194.07,18.16,196.2,38.4,219.24,104.15
2023-09-14,195.27,18.37,196.2,38.6,219.35,105.19
2023-09-13,196.12,18.31,193.36,38.88,218.98,105.19
2023-09-12,194.23,18.07,193.36,38.35,218.66,104.69
2023-09-11,194.85,18.15,192.42,38.45,218.63,105.25
2023-09-10,194.08,18.2,191.91,38.43,218.57,105.51
2023-09-07,194.15,18.12,189.75,38.52,218.35,104.86
2023-09-06,193.63,18.05,191.41,38.37,218.38,104.86
2023-09-05,195.14,18.13,191.41,38.82,217.93,105.17
2023-09-04,195.33,18.26,191.41,39.0,218.02,105.49
2023-09-03,194.17,18.31,190.86,38.84,217.94,106.27
2023-08-31,194.17,18.32,187.5,38.79,217.72,106.27
2023-08-30,194.0,18.38,184.49,38.37,217.68,106.27
2023-08-29,191.81,18.46,186.04,37.93,217.49,106.32
2023-08-28,190.74,18.51,186.04,37.98,217.38,106.35
2023-08-27,190.47,18.36,186.04,37.58,216.83,106.65
2023-08-24,188.96,18.12,184.42,37.1,216.85,105.81
2023-08-23,190.84,18.11,186.53,37.12,216.85,105.81
2023-08-22,188.47,18.25,185.0,37.37,216.6,105.69
2023-08-21,188.47,18.23,183.59,37.02,216.3,104.89
2023-08-20,187.35,18.07,182.16,36.52,216.15,104.36
2023-08-17,185.66,18.02,184.79,36.68,216.18,104.56
2023-08-16,188.51,18.09,184.84,36.9,216.3,104.56
2023-08-15,189.62,18.33,185.56,37.15,216.77,104.53
2023-08-14,189.77,18.34,189.04,37.38,217.0,104.54
2023-08-13,190.35,18.53,189.04,37.62,217.0,105.29
2023-08-10,188.4,18.49,190.49,37.39,216.95,105.29
2023-08-09,190.05,18.75,190.49,37.7,216.94,105.29
2023-08-08,189.69,18.47,191.04,37.56,216.84,104.53
2023-08-07,189.88,18.35,187.62,37.54,216.71,104.77
2023-08-06,189.66,18.56,188.99,37.97,216.55,105.47
2023-08-03,189.75,18.53,187.25,38.09,216.26,105.47
2023-08-02,190.08,18.41,190.09,37.85,216.18,105.47
2023-08-01,191.14,18.55,190.09,38.06,216.53,106.19
2023-07-31,191.93,18.84,188.94,38.88,216.7,108.33
2023-07-30,190.97,19.12,188.94,38.87,216.41,108.33
2023-07-27,190.7,19.1,188.94,38.82,216.2,109.13
2023-07-26,192.13,19.02,188.94,38.81,216.11,109.13
2023-07-25,190.36,18.58,185.33,38.08,215.67,108.24
2023-07-24,190.36,18.78,186.36,38.13,215.85,108.37
2023-07-23,188.86,18.74,184.05,37.81,215.8,106.88
2023-07-20,188.57,18.77,184.05,37.66,215.52,105.87
2023-07-19,188.42,18.69,183.0,37.74,215.45,105.87
2023-07-18,188.55,18.65,184.42,38.21,215.35,105.52
2023-07-17,185.93,18.68,185.39,37.76,215.14,105.34
2023-07-16,185.12,18.62,185.39,37.69,214.94,105.04
2023-07-13,185.83,18.81,187.69,37.71,215.48,105.04
2023-07-12,184.66,18.81,187.65,37.9,215.4,105.04
2023-07-11,185.5,18.64,187.65,37.53,214.82,104.76
2023-07-10,184.57,18.32,186.32,37.43,215.37,103.92
2023-07-09,186.03,18.23,184.87,37.16,213.99,102.65
2023-07-06,186.03,18.11,185.83,37.28,214.08,103.16
2023-07-05,186.34,18.08,185.83,37.06,214.33,103.16
2023-07-04,187.87,18.59,187.88,37.77,216.2,104.05
2023-07-03,187.22,18.76,190.2,37.93,215.0,104.61
2023-07-02,187.22,18.79,189.86,37.76,214.92,103.7
2023-06-29,187.19,18.79,187.7,37.6,214.54,102.08
2023-06-28,185.63,18.6,186.93,37.33,214.34,102.08
2023-06-27,184.2,18.56,186.09,37.3,214.32,102.08
2023-06-26,182.82,18.39,186.32,36.71,214.19,102.08
2023-06-25,184.86,18.29,186.75,36.74,215.51,102.08
2023-06-22,183.78,18.25,185.99,36.61,214.39,102.3
2023-06-21,183.78,18.39,185.99,36.87,214.39,102.3
2023-06-20,184.13,18.47,186.83,36.77,214.84,103.52
2023-06-19,184.94,18.55,188.39,37.29,215.37,103.61
2023-06-18,185.97,18.63,188.81,37.68,215.71,104.29
2023-06-15,185.97,18.77,189.18,37.86,215.73,104.82
2023-06-14,185.06,18.64,189.44,37.78,215.45,104.82
2023-06-13,185.48,18.69,189.63,37.95,215.94,104.82
2023-06-12,185.95,18.56,190.65,37.99,215.77,104.22
2023-06-11,184.43,18.43,189.58,37.54,215.63,103.93
2023-06-08,184.37,18.32,189.86,37.17,215.23,103.18
2023-06-07,184.77,18.35,188.1,37.01,215.67,103.18
2023-06-06,184.77,18.33,189.18,37.25,215.59,103.35
2023-06-05,185.29,18.38,187.42,37.52,214.42,102.32
2023-06-04,185.24,18.33,185.96,37.26,214.11,101.69
2023-06-01,183.26,18.46,184.8,37.34,213.86,99.02
2023-05-31,180.65,18.18,180.03,36.81,213.42,99.02
2023-05-30,181.68,18.01,180.91,36.56,214.0,99.17
2023-05-29,182.55,18.32,180.91,36.73,213.31,99.4
2023-05-28,181.18,18.42,182.0,36.67,212.8,99.77
2023-05-25,181.18,18.49,182.0,36.61,212.8,99.77
2023-05-24,179.17,18.2,179.73,35.7,212.76,99.77
2023-05-23,176.48,18.18,179.73,35.36,212.94,100.29
2023-05-22,179.96,18.55,181.23,36.01,213.48,101.17
2023-05-21,179.96,18.7,181.97,36.09,213.67,101.17
2023-05-18,178.72,18.7,182.16,35.85,213.36,100.37
2023-05-17,178.72,18.58,181.08,35.91,212.74,100.37
2023-05-16,176.33,18.39,181.08,35.18,212.74,100.33
2023-05-15,175.43,18.36,181.3,34.9,212.58,99.83
2023-05-14,174.95,18.36,179.66,34.74,212.6,99.85
2023-05-11,175.18,18.36,178.2,34.57,212.51,100.25
2023-05-10,174.04,18.3,178.68,34.47,212.42,100.25
2023-05-09,173.47,18.28,178.2,34.43,212.3,100.63
2023-05-08,171.77,18.35,179.93,34.3,212.34,101.02
2023-05-07,171.77,18.44,179.93,34.29,212.34,101.02
2023-05-04,171.84,18.37,178.7,34.07,212.23,100.26
2023-05-03,169.85,18.12,176.76,33.65,212.14,100.26
2023-05-02,174.05,18.2,174.59,33.86,212.22,100.97
2023-05-01,174.05,18.13,176.04,33.81,212.21,100.97
2023-04-27,171.79,18.41,175.46,34.11,211.96,101.02
2023-04-26,169.46,18.36,174.28,33.84,212.15,101.02
2023-04-25,170.34,18.3,170.84,33.57,211.02,99.96
2023-04-24,170.34,18.41,172.0,33.77,211.5,100.68
2023-04-23,171.73,18.49,174.32,33.93,211.55,100.68
2023-04-20,171.73,18.49,176.43,34.35,209.58,100.68
2023-04-19,171.77,18.39,177.15,34.47,211.55,100.68
2023-04-18,172.02,18.43,176.77,34.6,211.56,100.68
2023-04-17,172.71,18.43,179.45,34.74,211.76,101.26
2023-04-16,172.33,18.36,180.17,34.86,211.42,101.2
2023-04-13,171.68,18.45,179.02,34.63,211.39,99.66
2023-04-12,168.89,18.3,177.79,34.5,211.07,99.66
2023-04-11,170.54,18.18,179.8,34.47,210.76,99.73
2023-04-10,170.83,18.17,176.86,34.79,210.59,99.73
2023-04-05,170.1,18.07,176.86,34.76,211.66,99.75
2023-04-04,170.25,18.05,176.03,34.72,210.48,99.6
2023-04-03,172.06,18.08,175.46,35.11,210.97,100.09
2023-04-02,172.06,18.07,175.86,35.37,210.77,99.44
2023-03-30,170.38,18.11,175.46,35.59,210.32,98.28
2023-03-29,168.65,17.72,175.46,34.78,209.01,98.28
2023-03-28,168.65,17.72,175.01,34.78,209.01,97.72
2023-03-27,167.24,17.46,173.88,34.2,208.58,97.72
2023-03-26,169.15,17.44,171.67,34.39,207.22,97.18
2023-03-23,167.86,17.3,172.84,34.51,208.25,96.79
2023-03-22,167.86,17.61,172.12,34.58,209.09,96.79
2023-03-21,168.83,17.56,170.66,34.59,209.21,96.54
2023-03-20,167.95,17.49,170.66,34.59,208.55,95.5
2023-03-19,167.28,17.23,170.47,34.32,206.28,94.9
2023-03-16,168.09,17.0,170.47,34.48,208.12,95.04
2023-03-15,166.62,16.87,170.44,33.92,208.53,95.04
2023-03-14,166.62,16.87,170.44,33.92,208.68,95.85
2023-03-13,166.27,17.48,169.19,34.08,210.38,96.09
2023-03-12,163.95,17.13,171.23,33.53,210.43,96.76
2023-03-09,165.66,17.69,171.23,34.12,211.65,99.37
2023-03-08,172.17,17.93,175.83,35.18,212.5,99.37
2023-03-07,171.63,17.94,178.21,35.27,212.78,99.54
2023-03-06,172.18,17.9,178.33,35.11,212.97,99.5
2023-03-05,170.93,18.04,178.8,35.45,212.7,99.73
2023-03-02,170.93,17.96,178.58,35.17,211.82,98.93
2023-03-01,168.32,17.74,178.46,34.42,211.43,98.93
2023-02-28,168.33,17.63,178.55,34.23,211.85,97.67
2023-02-27,169.07,17.73,178.12,34.38,211.83,97.67
2023-02-26,171.12,17.77,178.74,34.43,212.19,97.57
2023-02-23,171.33,17.48,182.47,34.25,212.09,98.54
2023-02-22,171.33,17.84,182.47,34.37,212.23,98.54
2023-02-21,169.76,17.75,181.92,34.3,211.51,98.35
2023-02-20,170.94,17.78,181.92,34.39,212.18,98.59
2023-02-19,172.16,17.87,182.91,34.95,213.08,99.79
2023-02-16,172.16,17.88,182.73,34.83,213.11,99.79
2023-02-15,173.24,17.98,183.86,35.67,213.56,99.79
2023-02-14,173.85,17.9,184.01,35.58,213.47,99.8
2023-02-13,173.65,17.73,186.15,35.14,213.67,99.75
2023-02-12,172.18,17.74,185.57,35.26,213.72,100.14
2023-02-09,172.18,17.56,185.46,35.08,213.96,99.5
2023-02-08,174.23,17.76,185.86,35.62,214.59,99.5
2023-02-07,174.23,17.59,185.24,35.51,214.27,99.87
2023-02-06,172.33,17.59,185.33,35.46,214.21,100.19
2023-02-05,171.76,17.57,183.19,35.39,214.17,99.97
2023-02-02,170.73,17.79,186.54,35.9,214.39,100.28
2023-02-01,170.73,17.72,188.75,35.84,213.97,100.28
2023-01-31,168.34,17.43,186.87,34.22,211.9,99.77
2023-01-30,166.93,17.4,183.29,34.18,211.6,
2023-01-29,166.93,17.38,184.74,34.21,211.55,
2023-01-26,168.07,17.46,189.09,34.51,211.84,
2023-01-25,166.27,17.44,188.09,34.09,211.6,
2023-01-24,163.57,17.33,185.73,33.38,211.17,
2023-01-23,166.01,17.36,186.05,33.84,210.98,
2023-01-22,162.92,17.38,185.51,33.97,210.81,
2023-01-19,162.92,17.21,185.6,33.07,210.82,
2023-01-18,162.75,17.14,183.8,32.53,210.97,
2023-01-17,166.16,17.44,184.49,33.04,211.45,
2023-01-16,165.51,17.44,184.49,33.1,210.69,
2023-01-15,164.74,17.37,185.07,33.02,210.53,
2023-01-12,164.74,17.24,185.07,32.71,209.25,
2023-01-11,164.74,17.24,182.36,32.71,209.25,
2023-01-10,164.31,17.13,182.36,32.55,208.27,
2023-01-09,163.23,16.95,182.91,32.12,207.7,
2023-01-08,164.66,17.0,182.1,32.36,207.8,
2023-01-05,163.51,16.79,179.51,31.66,206.7,
2023-01-04,163.3,16.57,177.84,31.39,206.19,
2023-01-03,164.28,16.63,172.21,31.48,203.89,
2023-01-02,164.28,16.22,170.28,30.98,205.23,
2023-01-01,161.95,16.11,166.81,30.9,204.22,
2022-12-29,161.95,15.84,167.83,30.39,204.3,
2022-12-28,163.25,16.07,168.64,30.76,204.23,
2022-12-27,163.08,15.9,169.47,30.18,204.31,
2022-12-26,162.08,16.0,168.9,30.49,204.17,
2022-12-22,162.08,15.94,169.41,30.54,204.34,
2022-12-21,164.1,15.96,168.45,30.54,204.25,
2022-12-20,164.1,16.17,166.97,31.31,204.06,
2022-12-19,162.39,15.88,165.15,30.82,204.01,
2022-12-18,163.84,15.91,165.23,30.89,204.77,
2022-12-15,165.17,15.88,165.59,31.15,204.93,
2022-12-14,165.17,16.01,165.6,31.6,206.4,
2022-12-13,171.29,16.59,167.09,33.03,206.76,
2022-12-12,173.36,16.64,168.48,33.05,206.5,
2022-12-11,169.76,16.37,170.71,32.51,205.82,
2022-12-08,169.76,16.46,170.71,32.66,205.9,
2022-12-07,169.73,16.37,169.39,32.32,206.07,
2022-12-06,168.8,16.37,167.74,31.95,206.36,
2022-12-05,170.83,16.44,169.33,32.38,206.74,
2022-12-04,172.59,16.54,170.77,33.13,206.94,
2022-12-01,175.02,16.63,169.64,33.4,206.71,
2022-11-30,175.02,16.63,168.95,33.45,206.59,
2022-11-29,171.27,16.54,168.33,32.75,205.75,
2022-11-28,172.4,16.41,159.63,32.34,205.89,
2022-11-27,172.4,16.42,159.63,32.57,205.97,
2022-11-24,174.48,16.56,162.28,32.9,206.35,
2022-11-23,174.31,16.52,162.04,33.1,206.36,
2022-11-22,174.31,16.45,158.92,32.8,205.26,
2022-11-21,173.43,16.42,160.13,32.61,204.46,
2022-11-20,173.01,16.3,160.85,32.56,203.87,
2022-11-17,172.01,16.36,161.57,32.73,203.64,
2022-11-16,169.75,16.17,162.75,32.84,203.27,
2022-11-15,172.94,16.18,162.5,33.08,203.72,
2022-11-14,172.94,16.32,164.49,34.06,204.04,
2022-11-13,173.32,16.2,160.8,33.4,203.98,
2022-11-10,173.32,16.12,160.58,33.32,203.76,
2022-11-09,170.81,16.03,156.68,33.14,201.77,
2022-11-08,170.81,15.54,159.73,31.44,200.2,
2022-11-07,171.78,15.58,158.4,31.88,200.27,
2022-11-06,171.23,15.46,158.78,31.19,199.72,
2022-11-03,171.23,15.37,156.99,30.93,198.86,
2022-11-02,171.9,14.98,154.88,31.55,198.21,
2022-11-01,173.81,15.09,154.88,32.28,199.07,
2022-10-31,174.22,15.22,150.6,32.71,198.4,
2022-10-30,174.77,15.08,150.6,32.53,198.4,
2022-10-27,171.85,15.05,149.17,32.36,197.58,
2022-10-26,171.12,15.01,149.79,32.23,197.26,
2022-10-25,171.23,15.02,146.24,32.62,196.57,
2022-10-24,172.9,14.94,145.68,32.65,195.97,
2022-10-23,172.67,14.7,146.2,32.21,195.3,
2022-10-20,170.12,14.48,151.48,32.03,194.75,
2022-10-19,170.6,14.55,152.49,32.29,195.33,
2022-10-18,170.65,14.46,152.11,32.12,195.96,
2022-10-17,170.65,14.43,152.98,31.91,196.06,
2022-10-16,170.48,14.34,151.64,31.77,195.12,
2022-10-13,170.48,14.09,152.66,31.21,194.61,
2022-10-12,164.19,14.01,151.43,31.33,193.98,
2022-10-11,168.17,13.88,152.99,31.19,194.4,
2022-10-10,169.83,13.92,153.18,31.25,195.47,
2022-10-09,169.83,13.99,157.51,31.79,195.71,
2022-10-06,170.98,14.06,159.45,32.28,196.52,
2022-10-05,172.6,14.3,159.06,33.15,197.41,
2022-10-04,172.6,14.36,158.14,32.67,197.67,
2022-10-03,167.83,14.51,154.28,32.69,197.76,
2022-10-02,167.83,13.92,152.79,31.73,195.5,
2022-09-29,168.41,13.82,150.93,31.76,195.52,
2022-09-28,168.68,13.66,150.93,31.61,193.55,
2022-09-27,171.36,13.89,154.11,32.37,194.34,
2022-09-26,171.29,13.86,157.98,32.26,197.94,
2022-09-25,171.29,13.92,157.29,32.39,198.02,
2022-09-22,171.55,13.95,158.08,32.12,199.57,
2022-09-21,171.55,14.28,160.45,32.44,200.51,
2022-09-20,175.54,14.54,160.85,33.34,200.94,
2022-09-19,173.19,14.43,162.29,33.14,201.52,
2022-09-18,172.69,14.57,160.01,32.97,201.85,
2022-09-15,172.69,14.57,159.45,33.09,201.93,
2022-09-14,176.91,14.74,162.8,33.72,203.08,
2022-09-13,176.91,14.85,162.8,34.07,203.2,
2022-09-12,178.87,14.92,164.46,34.26,204.02,
2022-09-11,181.79,15.17,162.75,34.85,204.48,
2022-09-08,180.62,14.86,161.3,34.71,203.53,
2022-09-07,178.76,14.62,160.99,34.26,202.82,
2022-09-06,177.15,14.57,159.58,33.87,201.97,
2022-09-05,177.19,14.57,162.29,34.0,201.7,
2022-09-04,177.9,14.52,162.64,33.94,201.17,
2022-09-01,177.9,14.75,162.38,34.34,202.11,
2022-08-31,175.76,14.39,163.36,33.64,199.93,
2022-08-30,178.69,14.63,165.7,34.29,203.1,
2022-08-29,178.69,14.82,164.94,34.28,204.22,
2022-08-28,179.71,14.86,164.98,34.72,204.94,
2022-08-25,185.8,14.99,166.02,35.42,205.32,
2022-08-24,186.69,15.29,166.71,35.99,205.31,
2022-08-23,185.07,15.26,164.54,35.71,204.66,
2022-08-22,185.07,15.2,162.49,35.44,204.62,
2022-08-21,186.57,15.22,160.98,35.74,205.2,
2022-08-18,187.95,15.52,162.4,36.12,206.61,
2022-08-17,187.95,15.72,163.04,36.64,207.07,
2022-08-16,187.27,15.63,163.16,36.09,207.56,
2022-08-15,187.99,15.84,163.01,36.83,208.45,
2022-08-14,183.89,15.77,159.65,36.87,208.16,
2022-08-11,183.89,15.72,159.65,36.3,208.16,
2022-08-10,181.18,15.63,157.29,35.91,207.51,
2022-08-09,181.18,15.6,155.59,35.79,206.73,
2022-08-08,179.51,15.46,157.28,35.12,206.71,
2022-08-07,181.23,15.63,156.91,35.94,206.71,
2022-08-04,181.23,15.5,156.6,35.66,206.36,
2022-08-03,181.39,15.62,155.07,35.74,206.16,
2022-08-02,180.76,15.53,152.94,35.95,205.38,
2022-08-01,178.2,15.33,151.29,35.03,205.04,
2022-07-31,179.39,15.41,150.94,34.95,205.09,
2022-07-28,179.39,15.42,152.65,34.84,204.35,
2022-07-27,175.08,15.19,152.65,34.55,203.55,
2022-07-26,172.17,15.01,149.79,34.17,202.95,
2022-07-25,172.17,14.87,149.07,33.32,202.94,
2022-07-24,171.1,14.99,147.25,33.62,203.18,
2022-07-21,172.47,14.96,148.01,33.86,202.04,
2022-07-20,171.65,14.96,147.68,34.11,201.02,
2022-07-19,167.62,14.91,146.76,33.92,200.65,
2022-07-18,167.62,14.92,147.0,33.05,198.55,
2022-07-17,169.83,14.61,147.0,33.12,197.92,
2022-07-14,165.17,14.46,144.08,32.57,197.34,
2022-07-13,165.17,14.12,146.58,32.03,197.35,
2022-07-12,168.84,14.36,147.1,32.19,197.82,
2022-07-11,168.84,14.5,148.82,32.6,197.82,
2022-07-10,168.99,14.44,148.82,32.76,197.8,
2022-07-07,168.31,14.58,150.66,33.22,197.3,
2022-07-06,168.14,14.5,149.1,33.0,196.34,
2022-07-05,165.96,14.22,146.06,32.14,195.83,
2022-07-04,161.3,13.96,146.83,31.49,196.09,
2022-07-03,161.25,14.34,146.98,31.24,196.14,
2022-06-30,161.25,14.33,148.28,30.96,196.09,
2022-06-29,158.75,14.36,148.09,31.15,196.06,
2022-06-28,161.07,14.6,151.66,31.57,197.98,
2022-06-27,164.96,14.75,151.66,31.84,199.2,
2022-06-26,161.51,14.7,147.86,32.21,199.82,
2022-06-23,161.51,14.68,145.09,32.17,199.97,
2022-06-22,158.76,14.27,142.85,31.04,200.88,
2022-06-21,157.17,14.39,142.85,30.72,200.88,
2022-06-20,155.85,14.52,145.9,30.97,201.22,
2022-06-19,155.85,14.41,146.58,30.54,200.97,
2022-06-16,155.85,14.28,146.58,30.37,201.0,
2022-06-15,156.01,14.23,147.36,30.07,201.25,
2022-06-14,160.54,14.67,149.5,31.4,201.35,
2022-06-13,160.09,14.43,149.33,30.95,202.53,
2022-06-12,166.01,14.54,149.09,30.97,203.86,
2022-06-09,166.01,14.94,154.01,32.28,207.03,
2022-06-08,171.05,15.47,155.43,33.57,208.78,
2022-06-07,171.67,15.73,155.24,33.91,209.83,
2022-06-06,171.85,15.81,154.45,33.69,210.0,
2022-06-05,171.85,15.94,154.74,33.86,210.16,
2022-06-02,170.39,15.71,154.74,33.44,210.16,
2022-06-01,168.57,15.76,156.21,33.64,210.08,
2022-05-31,170.82,15.61,157.7,33.31,210.14,
2022-05-30,169.7,15.73,155.88,33.39,210.3,
2022-05-29,169.33,15.95,155.88,33.52,210.4,
2022-05-26,169.33,15.8,153.61,33.29,209.88,
2022-05-25,163.42,15.52,150.86,32.49,208.66,
2022-05-24,163.42,15.26,150.86,31.8,208.66,
2022-05-23,161.07,15.14,149.58,31.28,208.91,
2022-05-22,162.69,15.39,152.92,32.2,209.17,
2022-05-19,162.75,15.14,154.52,31.96,209.21,
2022-05-18,162.75,15.08,152.12,32.35,209.15,
2022-05-17,168.36,15.27,154.6,32.49,210.48,
2022-05-16,169.5,15.48,154.35,32.98,210.6,
2022-05-15,169.16,15.24,152.5,32.93,210.13,
2022-05-12,169.31,15.33,151.0,33.13,210.02,
2022-05-11,164.39,14.92,147.94,31.85,209.73,
2022-05-10,167.22,15.05,147.94,32.18,209.91,
2022-05-09,169.03,14.67,149.97,31.81,208.85,
2022-05-08,169.03,14.55,149.97,31.96,208.38,
2022-05-05,169.66,14.96,149.97,32.97,208.38,
2022-05-04,176.63,15.2,155.15,33.62,210.25,
2022-05-03,175.04,15.3,155.5,33.8,211.93,
2022-05-02,175.04,15.45,156.23,34.29,212.63,
2022-05-01,180.18,15.32,155.77,33.73,213.03,
2022-04-28,180.18,15.56,157.15,34.36,213.14,
2022-04-27,177.95,15.44,154.16,34.07,213.68,
2022-04-26,177.95,15.26,152.06,33.49,213.85,
2022-04-25,176.71,15.19,151.8,33.05,214.86,
2022-04-24,174.5,15.33,150.15,33.27,215.16,
2022-04-21,179.09,15.66,154.38,33.67,215.92,
2022-04-20,184.62,16.02,154.97,34.4,216.07,
2022-04-19,183.99,15.89,155.18,34.57,215.9,
2022-04-18,183.6,15.62,155.71,35.04,215.92,
2022-04-13,183.6,15.68,157.62,34.83,216.22,
2022-04-12,182.79,15.59,154.08,34.8,216.26,
2022-04-11,182.79,15.61,154.08,34.87,216.68,
2022-04-10,182.4,15.63,153.07,34.67,217.27,
2022-04-07,184.25,15.71,156.01,35.33,217.61,
2022-04-06,183.62,15.48,153.17,35.02,217.72,
2022-04-05,182.79,15.57,155.06,35.39,218.12,
2022-04-04,185.49,15.94,156.65,36.24,218.68,
2022-04-03,185.49,16.08,155.94,36.64,218.62,
2022-03-31,184.21,15.94,155.24,35.8,218.31,
2022-03-30,185.88,15.88,153.13,36.13,218.27,
2022-03-29,185.88,16.11,152.3,36.29,218.1,
2022-03-28,186.64,16.28,151.32,36.55,217.82,
2022-03-27,186.64,15.82,150.85,35.9,217.19,
2022-03-24,185.59,15.74,150.84,35.94,217.18,
2022-03-23,183.68,15.72,149.95,35.84,217.24,
2022-03-22,184.45,15.74,149.95,35.76,217.43,
2022-03-21,184.56,15.98,148.7,35.9,217.27,
2022-03-20,182.85,15.79,148.57,35.13,217.36,
2022-03-17,181.02,15.87,148.57,35.32,216.82,
2022-03-16,177.36,15.8,146.51,34.33,216.4,
2022-03-15,177.67,15.82,143.12,34.08,215.33,
2022-03-14,172.94,15.2,138.32,33.07,214.36,
2022-03-13,174.4,15.21,143.3,32.73,215.05,
2022-03-10,175.24,14.99,146.14,33.53,215.32,
2022-03-09,173.09,14.85,146.86,33.28,215.31,
2022-03-08,172.17,15.31,143.76,33.61,215.28,
2022-03-07,171.35,14.25,141.91,32.94,214.85,
2022-03-06,176.3,14.28,,33.62,215.39,
