Date,AvgPairwiseCorr
2023-06-05,0.3976429343777369
2023-06-06,0.3993682194603024
2023-06-07,0.3784369053011205
2023-06-08,0.38001681484190697
2023-06-09,0.377803207056468
2023-06-12,0.3778313836616119
2023-06-13,0.3823700353720321
2023-06-14,0.3829465895279138
2023-06-15,0.38121649140509933
2023-06-16,0.38064061963823714
2023-06-19,0.38090641670962094
2023-06-20,0.3877767127387531
2023-06-21,0.3910653043920716
2023-06-22,0.3905362898033701
2023-06-23,0.38941769757841094
2023-06-26,0.38189745105121614
2023-06-27,0.3777492406243454
2023-06-28,0.3744616910147547
2023-06-29,0.3702302295262254
2023-06-30,0.3777370489023381
2023-07-03,0.37696904122830166
2023-07-04,0.37923651825945215
2023-07-05,0.3754022888056608
2023-07-06,0.3944387446754476
2023-07-07,0.3899554542062248
2023-07-10,0.3885748023185429
2023-07-11,0.39169253637613766
2023-07-12,0.39245854953800463
2023-07-13,0.36293384894778297
2023-07-14,0.3390113786169582
2023-07-17,0.3572674682313476
2023-07-18,0.3630365328802782
2023-07-19,0.37287646475576
2023-07-20,0.37201920240636543
2023-07-21,0.3745090567910238
2023-07-24,0.3646862325667215
2023-07-25,0.3662094468278562
2023-07-26,0.36979231457949063
2023-07-27,0.38638985359805933
2023-07-28,0.39318345286320533
2023-07-31,0.40373918942646536
2023-08-01,0.39574271491421115
2023-08-02,0.40405319672129264
2023-08-03,0.4086444423554273
2023-08-04,0.4078666671270015
2023-08-07,0.4074233921953404
2023-08-08,0.40462241906321383
2023-08-09,0.40188423263855505
2023-08-10,0.40044946927550545
2023-08-11,0.40296386726833655
2023-08-14,0.4067957096360061
2023-08-15,0.4099664187461
2023-08-16,0.4133125880742715
2023-08-17,0.4160863291439532
2023-08-18,0.41633755756876784
2023-08-21,0.41102951391103754
2023-08-22,0.41241087618615324
2023-08-23,0.4137042512674532
2023-08-24,0.41454627671179733
2023-08-25,0.4313472110307676
2023-08-28,0.43389518558628587
2023-08-29,0.4244090872302662
2023-08-30,0.41178173409536084
2023-08-31,0.4099121007871349
2023-09-01,0.4065240230535499
2023-09-04,0.40375779512581417
2023-09-05,0.4081627113563057
2023-09-06,0.4077966704214661
2023-09-07,0.41399851530234344
2023-09-08,0.4105777796658186
2023-09-11,0.40953572606222466
2023-09-12,0.41148378590995727
2023-09-13,0.4115942880570303
2023-09-14,0.4200164683436794
2023-09-15,0.4188002209699943
2023-09-18,0.4268451858815537
2023-09-19,0.4265501703511519
2023-09-20,0.42302606904956197
2023-09-21,0.4378478267604201
2023-09-22,0.4367591945081487
2023-09-25,0.43755170907799573
2023-09-26,0.44043497031651124
2023-09-27,0.42467653732867305
2023-09-28,0.4277539847259113
2023-09-29,0.42981268100388187
2023-09-30,0.4299016324491339
2023-10-02,0.4317262403170323
2023-10-03,0.4318624339783847
2023-10-04,0.44581260974706977
2023-10-05,0.4289152541160985
2023-10-06,0.435148478276522
2023-10-09,0.42316695151784484
2023-10-10,0.44109668251336004
2023-10-11,0.44226607050235806
2023-10-12,0.448557716378862
2023-10-13,0.44556344085473576
2023-10-16,0.4413436368738908
2023-10-17,0.43941499636066056
2023-10-18,0.4411738513519064
2023-10-19,0.4402422598974909
2023-10-20,0.4530824504408759
2023-10-23,0.4496828429857808
2023-10-24,0.4476557741211677
2023-10-25,0.43880865017345
2023-10-26,0.44455845231676216
2023-10-27,0.4458848446365094
2023-10-30,0.4488447235494657
2023-10-31,0.4532037952381656
2023-11-01,0.45378393591175675
2023-11-02,0.4663908538833269
2023-11-03,0.46893685517713557
2023-11-06,0.466394940009432
2023-11-07,0.47099817977979974
2023-11-08,0.4520387306118029
2023-11-09,0.44408514289644774
2023-11-10,0.4431542323453467
2023-11-13,0.4360864312193655
2023-11-14,0.4400814480787488
2023-11-15,0.4448618214820839
2023-11-16,0.4479801583114412
2023-11-17,0.44429517572717053
2023-11-20,0.44159915241873504
2023-11-21,0.44398508222047073
2023-11-22,0.45614215781624184
2023-11-23,0.45551649749720824
2023-11-24,0.4560860546255065
2023-11-27,0.45299650216504606
2023-11-28,0.4528823177933625
2023-11-29,0.4374501374284633
2023-11-30,0.43971919468343224
2023-12-01,0.4443886637911878
2023-12-04,0.4471953874166874
2023-12-05,0.4352992967184792
2023-12-06,0.4357937541192524
2023-12-07,0.4384226782480596
2023-12-08,0.43896166470574666
2023-12-11,0.4387240222126562
2023-12-12,0.44101799345097287
2023-12-13,0.4382434082848543
2023-12-14,0.42361229150179147
2023-12-15,0.4268603247282969
2023-12-18,0.42342102437192936
2023-12-19,0.41975120402378074
2023-12-20,0.4126351491172526
2023-12-21,0.41289550610622844
2023-12-22,0.41558573625352113
2023-12-26,0.4125965627979949
2023-12-27,0.4057823760062408
2023-12-28,0.4108707031597983
2023-12-29,0.4093604672882793
2023-12-31,0.40468794410323805
2024-01-02,0.40109544405387076
2024-01-03,0.41212158836499785
2024-01-04,0.4148940475062417
2024-01-05,0.41819972762630314
2024-01-08,0.42154170857577505
2024-01-09,0.4210361457555414
2024-01-10,0.41717893223207064
2024-01-11,0.4118093766228307
2024-01-12,0.4099218672023668
2024-01-15,0.41128163184670996
2024-01-16,0.4089961333610533
2024-01-17,0.4210177004076009
2024-01-18,0.4149412824635617
2024-01-19,0.41527691441356585
2024-01-22,0.40772524425783435
2024-01-23,0.4062251751678676
2024-01-24,0.41460996023859725
2024-01-25,0.39345660106262415
2024-01-26,0.3908038239819721
2024-01-29,0.3926917166622618
2024-01-30,0.3836204457325363
2024-01-31,0.38269482197767973
2024-02-01,0.3764728111260903
2024-02-02,0.37374899531121436
2024-02-05,0.367922824258769
2024-02-06,0.3635136099603467
2024-02-07,0.36400006798892326
2024-02-08,0.3469724616122265
2024-02-09,0.3475253890484316
2024-02-12,0.35220183690155316
2024-02-13,0.36268748331933
2024-02-14,0.3559616210654104
2024-02-15,0.3555071708717034
2024-02-16,0.35562664671983735
2024-02-19,0.3568559901722489
2024-02-20,0.3577442245039513
2024-02-21,0.3604472549850044
2024-02-22,0.35801804121930736
2024-02-23,0.3512879241887472
2024-02-26,0.33146895515698144
2024-02-27,0.3254247100714646
2024-02-28,0.3287788778016857
2024-02-29,0.33573346595478337
2024-03-01,0.3283626344810581
2024-03-04,0.3241277057525228
2024-03-05,0.3317369198976934
2024-03-06,0.3287524215401539
2024-03-07,0.3222138115545252
2024-03-08,0.30031496036336014
2024-03-11,0.2975395421197507
2024-03-12,0.304560392289841
2024-03-13,0.30604624059734614
2024-03-14,0.3060606398649925
2024-03-15,0.31385085458579887
2024-03-18,0.31246108535647377
2024-03-19,0.3181684007290218
2024-03-20,0.3123774097595276
2024-03-21,0.312951643979253
2024-03-22,0.3087613161699676
2024-03-25,0.3099373677381874
2024-03-26,0.3133481594547986
2024-03-27,0.31291973034340226
2024-03-28,0.29976430734077086
2024-03-29,0.3013411164457975
2024-03-31,0.3008529415874059
2024-04-01,0.3011821278523768
2024-04-02,0.28742607456744895
2024-04-03,0.2840107905850475
2024-04-04,0.28421416373634606
2024-04-05,0.27799200925287376
2024-04-08,0.2792969228493484
2024-04-09,0.279430957549169
2024-04-10,0.27273157987069024
2024-04-11,0.2703336931085953
2024-04-12,0.2682373368191658
2024-04-15,0.26365729604406857
2024-04-16,0.32859606674726793
2024-04-17,0.33066269406298926
2024-04-18,0.33474227540753687
2024-04-19,0.3360931289328167
2024-04-22,0.3363955117785363
2024-04-23,0.3414657540352203
2024-04-24,0.34328439101601393
2024-04-25,0.34248618114298024
2024-04-26,0.3510635949163042
2024-04-29,0.3475852611768125
2024-04-30,0.3517505008296315
2024-05-01,0.3544518410944497
2024-05-02,0.35501779603409195
2024-05-03,0.3578494232787757
2024-05-06,0.3632430183738034
2024-05-07,0.3507830718986101
2024-05-08,0.354836661243986
2024-05-09,0.3526064907050838
2024-05-10,0.3542883080798469
2024-05-13,0.3568679656908229
2024-05-14,0.361902111784208
2024-05-15,0.3647545860579739
2024-05-16,0.3669644460869911
2024-05-17,0.3636809232084105
2024-05-20,0.3649114497595069
2024-05-21,0.3495780686875748
2024-05-22,0.34627195981674763
2024-05-23,0.34829558891681983
2024-05-24,0.3508991580285225
2024-05-27,0.35187159293847686
2024-05-28,0.33735032881263305
2024-05-29,0.34526043812418894
2024-05-30,0.34735128632846884
2024-05-31,0.3495638188713122
2024-06-03,0.3641072716565368
2024-06-04,0.3715424236293313
2024-06-05,0.3778233655931275
2024-06-06,0.3782285487422899
2024-06-07,0.38265344090925746
2024-06-10,0.3811875612203628
2024-06-11,0.3808795657763598
2024-06-12,0.3810140225122214
2024-06-13,0.3784209718628939
2024-06-14,0.366028789404432
2024-06-17,0.3650327444713276
2024-06-18,0.36597808321928543
2024-06-19,0.35912677532635257
2024-06-20,0.35589634557159494
2024-06-21,0.3558465264474191
2024-06-24,0.3559895934713824
2024-06-25,0.35645007279850155
2024-06-26,0.3473812919100466
2024-06-27,0.3509121166099797
2024-06-28,0.35027007257366144
2024-06-30,0.35084662345596196
2024-07-01,0.34137223482789664
2024-07-02,0.3405431493324015
2024-07-03,0.33893219786867973
2024-07-04,0.3389033808107766
2024-07-05,0.3349739277196023
2024-07-08,0.3338393014479274
2024-07-09,0.33476467989895825
2024-07-10,0.33341123816791185
2024-07-11,0.3406857162004747
2024-07-12,0.33105444445936577
2024-07-15,0.3317999742499853
2024-07-16,0.33112810139522325
2024-07-17,0.34569749284125945
2024-07-18,0.34946075028092705
2024-07-19,0.353896301297351
2024-07-22,0.35799403872072505
2024-07-23,0.35685200733572175
2024-07-24,0.35449167929934966
2024-07-25,0.352311974672448
2024-07-26,0.3496622369610892
2024-07-29,0.3478359796214531
2024-07-30,0.34552477857306974
2024-07-31,0.34519479517791446
2024-08-01,0.32610147558711805
2024-08-02,0.4171017915399915
2024-08-05,0.4880928736556173
2024-08-06,0.49393196358655544
2024-08-07,0.51028557531597
2024-08-08,0.506640326717181
2024-08-09,0.5040799659832955
2024-08-12,0.5069960377581847
2024-08-13,0.5069757220365224
2024-08-14,0.5076852976885509
2024-08-15,0.5124377440256166
2024-08-16,0.5176811790224042
2024-08-19,0.493894159730001
2024-08-20,0.4937340213864983
2024-08-21,0.49672389094520064
2024-08-22,0.4970705736767657
2024-08-23,0.49596489792491705
2024-08-26,0.4934777236717051
2024-08-27,0.49323036215202454
2024-08-28,0.498129448060286
2024-08-29,0.5055386598110234
2024-08-30,0.5101124091177132
2024-08-31,0.511094187147638
2024-09-02,0.5111930313363587
2024-09-03,0.5133495398331273
2024-09-04,0.5175374370090806
2024-09-05,0.5162116041536515
2024-09-06,0.5152384498777569
2024-09-09,0.5098315216889651
2024-09-10,0.5085411685771223
2024-09-11,0.5079167375065301
2024-09-12,0.517284218194549
2024-09-13,0.519050346203619
2024-09-16,0.5175205148930114
2024-09-17,0.5191503673601972
2024-09-18,0.5229024792232023
2024-09-19,0.5339678448482092
2024-09-20,0.5339029501219373
2024-09-23,0.5332403611370141
2024-09-24,0.5325972428083394
2024-09-25,0.5300634024479374
2024-09-26,0.5348385829273938
2024-09-27,0.5256170246791413
2024-09-30,0.5153078439883076
2024-10-01,0.5141402488589387
2024-10-02,0.4975476333760519
2024-10-03,0.4885160087599219
2024-10-04,0.4875729369718499
2024-10-07,0.4878610470362864
2024-10-08,0.47886310808783916
2024-10-09,0.4768807784289397
2024-10-10,0.48021114961011896
2024-10-11,0.4811786819786211
2024-10-14,0.4820318546919074
2024-10-15,0.48130761863667426
2024-10-16,0.4861147414093436
2024-10-17,0.4822184689657688
2024-10-18,0.4787794336645246
2024-10-21,0.48389481364250575
2024-10-22,0.48394887924073027
2024-10-23,0.48394890023142784
2024-10-24,0.4845477311453876
2024-10-25,0.4819832287467808
2024-10-28,0.4821014435709654
2024-10-29,0.48350886073430177
2024-10-30,0.48681306643842187
2024-10-31,0.49566521571160166
2024-11-01,0.5012769345248008
2024-11-04,0.5021880319807727
2024-11-05,0.5024925166355818
2024-11-06,0.4864317422555282
2024-11-07,0.4941565724762829
2024-11-08,0.4914552004112848
2024-11-11,0.4981662093309317
2024-11-12,0.4974950901995072
2024-11-13,0.4969573242088049
2024-11-14,0.49578167932581735
2024-11-15,0.4974808287827421
2024-11-18,0.49657814145870105
2024-11-19,0.49273665215453977
2024-11-20,0.4860883544588022
2024-11-21,0.4832096112272819
2024-11-22,0.4868327675128046
2024-11-25,0.4853164906585111
2024-11-26,0.4877743309374464
2024-11-27,0.494394817893708
2024-11-28,0.5011924118647684
2024-11-29,0.5023583834785095
2024-12-02,0.5067231869560873
2024-12-03,0.5050156292604369
2024-12-04,0.5172429477613069
2024-12-05,0.46365544497959926
2024-12-06,0.38360578400467976
2024-12-09,0.3738588300910233
2024-12-10,0.3526626001303521
2024-12-11,0.3607743716700891
2024-12-12,0.36389703803342693
2024-12-13,0.36455556485226226
2024-12-16,0.364720091882906
2024-12-17,0.3697301138500416
2024-12-18,0.3617477927593003
2024-12-19,0.3695953784450565
2024-12-20,0.37074147402133534
2024-12-23,0.36736111822397116
2024-12-24,0.3668120017088671
2024-12-26,0.3661874761279546
2024-12-27,0.36483294640035
2024-12-30,0.3652275966987814
2024-12-31,0.3676776920457193
2025-01-02,0.37090288934923643
2025-01-03,0.36980827467868105
2025-01-06,0.3671954978320841
2025-01-07,0.36512385785160956
2025-01-08,0.36879683723959256
2025-01-09,0.3650378156726606
2025-01-10,0.3574652598006988
2025-01-13,0.3578104538975644
2025-01-14,0.35750029501622144
2025-01-15,0.36203946966875633
2025-01-16,0.36444551761411287
2025-01-17,0.3672899468174498
2025-01-20,0.3609701374098937
2025-01-21,0.35841479175275326
2025-01-22,0.35986266297969005
2025-01-23,0.3580048203872639
2025-01-24,0.3574342780794463
2025-01-27,0.34376978240768313
2025-01-28,0.3470606693450924
2025-01-29,0.3504828676785908
2025-01-30,0.3459871675570743
2025-01-31,0.3471185093249604
2025-02-03,0.3405137844695617
2025-02-04,0.3473808795607433
2025-02-05,0.3527877112088354
2025-02-06,0.36937870970175635
2025-02-07,0.383584422496637
2025-02-10,0.3834407607381525
2025-02-11,0.38097482254683834
2025-02-12,0.38092441596887316
2025-02-13,0.3854166214791891
2025-02-14,0.3884893260962608
2025-02-17,0.3868674618826212
2025-02-18,0.3899141246382972
2025-02-19,0.3890820894399044
2025-02-20,0.3926333684573789
2025-02-21,0.3938580952474705
2025-02-24,0.40434036087303515
2025-02-25,0.4097162477070504
2025-02-26,0.41458595655948016
2025-02-27,0.4095776884794674
2025-02-28,0.42373796309469103
2025-03-03,0.42174216179410695
2025-03-04,0.4555274753016526
2025-03-05,0.44461097370751834
2025-03-06,0.4358110931791584
2025-03-07,0.4324868785872246
2025-03-10,0.41700976169429527
2025-03-11,0.4309360614582428
2025-03-12,0.4272022623843987
2025-03-13,0.41943716633162775
2025-03-14,0.43905900411869725
2025-03-17,0.4368014549390665
2025-03-18,0.43844360956810896
2025-03-19,0.4274578847652747
2025-03-20,0.42328486638091173
2025-03-21,0.42525593662334654
2025-03-24,0.4153482359099813
2025-03-25,0.41129392561988287
2025-03-26,0.40812156551217643
2025-03-27,0.40953351621259143
2025-03-28,0.42799348965650225
2025-03-31,0.43553577003505783
2025-04-01,0.4325197134405701
2025-04-02,0.43314848955489904
2025-04-03,0.5113452468304696
2025-04-04,0.5818603005368636
2025-04-07,0.6376804432220579
2025-04-08,0.6360174207446898
2025-04-09,0.6688878645958777
2025-04-10,0.7092495082727053
2025-04-11,0.7103316418457292
2025-04-14,0.7190695956011625
2025-04-15,0.7187181777172109
2025-04-16,0.7208615620817168
2025-04-17,0.7214606594203458
2025-04-18,0.7213033482354173
2025-04-21,0.7177471613310658
2025-04-22,0.7071331421858595
2025-04-23,0.7220318674778206
2025-04-24,0.7194431272038254
2025-04-25,0.7196462343110811
2025-04-28,0.720133512573456
2025-04-29,0.7195775128250778
2025-04-30,0.7208013184848009
2025-05-01,0.7103000302965526
2025-05-02,0.7082967463981094
2025-05-05,0.7082124726098007
2025-05-06,0.7089270774513672
2025-05-07,0.7082935564078829
2025-05-08,0.7085969660881944
2025-05-09,0.7086702382845202
2025-05-12,0.7214870076875012
2025-05-13,0.7205304103689417
2025-05-14,0.7189864593093405
2025-05-15,0.7176649000457601
2025-05-16,0.7154739269645608
2025-05-19,0.7159116699698581
2025-05-20,0.7159086775475662
2025-05-21,0.7165861364106861
2025-05-22,0.7170976307326735
2025-05-23,0.7178799656306037
2025-05-26,0.7184051123538799
2025-05-27,0.7192808569607699
2025-05-28,0.7199941148393477
2025-05-29,0.7209505858309259
2025-05-30,0.7209607238434325
2025-05-31,0.7252078066935872
2025-06-02,0.7200647325707541
2025-06-03,0.7175947453984638
2025-06-04,0.7197784369690845
2025-06-05,0.7183351234689109
2025-06-06,0.7165230799605808
2025-06-09,0.7165820033603117
2025-06-10,0.7167942477680485
2025-06-11,0.7153826678075793
2025-06-12,0.7164152618645373
2025-06-13,0.7160527382261576
2025-06-16,0.7164661971923952
2025-06-17,0.7165037252052235
2025-06-18,0.7178708093968005
2025-06-19,0.7182112062965511
2025-06-20,0.7198157142862728
2025-06-23,0.7196028560801794
2025-06-24,0.722891782437567
2025-06-25,0.7217676266821438
2025-06-26,0.722420011784661
2025-06-27,0.7218182296833698
2025-06-30,0.7203631828563741
2025-07-01,0.7203417115961349
2025-07-02,0.7231854962623117
2025-07-03,0.7240811756261649
2025-07-04,0.7250054782797277
2025-07-07,0.7228989509519385
2025-07-08,0.7307443999245931
2025-07-09,0.7370305603339615
2025-07-10,0.7376535671116231
2025-07-11,0.7418531667370208
2025-07-14,0.739455814870038
2025-07-15,0.7403342733109127
2025-07-16,0.7397213201455385
2025-07-17,0.7402207550278438
2025-07-18,0.7385871995283247
2025-07-21,0.7420289125761981
2025-07-22,0.7471086686207465
2025-07-23,0.7487145071596893
2025-07-24,0.7489871020257775
2025-07-25,0.7535221581069662
2025-07-28,0.7544042675676479
2025-07-29,0.7573581777469534
2025-07-30,0.7572951033647902
2025-07-31,0.7538773133929484
2025-08-01,0.7580926394228568
2025-08-04,0.7584134858257541
2025-08-05,0.757093079117766
2025-08-06,0.7426811134732239
2025-08-07,0.7193142024478073
2025-08-08,0.6859569975987033
2025-08-11,0.6913386889633436
2025-08-12,0.642602591877392
2025-08-13,0.5761776566902629
2025-08-14,0.567884329382648
2025-08-15,0.5501609319461741
2025-08-18,0.5495978660193657
2025-08-19,0.5481775561454841
2025-08-20,0.552034442384537
2025-08-21,0.5497153980685221
2025-08-22,0.5486109037627843
2025-08-25,0.5636639290491953
2025-08-26,0.5115360741813662
2025-08-27,0.513597765088303
2025-08-28,0.5120962397297945
2025-08-29,0.5160534109866963
2025-08-31,0.5173022791751376
2025-09-01,0.5152292765774253
2025-09-02,0.5450832680554185
2025-09-03,0.5428621750871557
2025-09-04,0.544284279584594
2025-09-05,0.5417776710936563
2025-09-08,0.5404599154662568
2025-09-09,0.5378625785018739
2025-09-10,0.5377220742870873
2025-09-11,0.48031154298785195
2025-09-12,0.4844430757602427
2025-09-15,0.48485669218984234
2025-09-16,0.48461610959796014
2025-09-17,0.4867665039867534
2025-09-18,0.4871608472923266
2025-09-19,0.48683863489792584
2025-09-22,0.48476131372172737
2025-09-23,0.47974484456511024
2025-09-24,0.4632783978524704
2025-09-25,0.4660887114981546
2025-09-26,0.45815221648874044
2025-09-29,0.45239317073184376
2025-09-30,0.4507904055535578
2025-10-01,0.44351166566927347
2025-10-02,0.4439618391397332
2025-10-03,0.4523967412780472
2025-10-06,0.4578620200997631
2025-10-07,0.45046166953116973
2025-10-08,0.4555601508466989
2025-10-09,0.45266426048282105
2025-10-10,0.44918811883185067
2025-10-13,0.44386221070167736
2025-10-14,0.44722348355604946
2025-10-15,0.4436015372130561
2025-10-16,0.437723943351887
2025-10-17,0.4472669867860076
2025-10-20,0.4580065492795344
2025-10-21,0.45149243450925847
2025-10-22,0.4455842337739836
2025-10-23,0.44464943077296337
2025-10-24,0.44434351226286833
2025-10-27,0.4260935086075244
2025-10-28,0.42734778092714654
2025-10-29,0.4252036771026317
2025-10-30,0.4250595188313964
2025-10-31,0.4280934098162919
2025-11-03,0.4276045647474216
2025-11-04,0.4303699745050554
2025-11-05,0.42552755611854415
2025-11-06,0.4182505149599505
2025-11-07,0.43340349308510456
2025-11-10,0.45399885053669664
2025-11-11,0.4592684540696923
2025-11-12,0.45936739747219996
2025-11-13,0.46273272082609446
2025-11-14,0.4725363720267198
2025-11-17,0.466775745498343
2025-11-18,0.493879511875616
2025-11-19,0.48738439406826
2025-11-20,0.4880110124986966
2025-11-21,0.4976333054054786
2025-11-24,0.49689504316818867
2025-11-25,0.4972672870736821
2025-11-26,0.5024208809971865
2025-11-27,0.5029309278265005
2025-11-28,0.5029340663211895
2025-11-30,0.5018578554040929
2025-12-01,0.5023541923042689
2025-12-02,0.5098677521308943
2025-12-03,0.46022593728063665
2025-12-04,0.45579140905905147
2025-12-05,0.45996720541376973
2025-12-08,0.4623038252292361
2025-12-09,0.4538248434549572
2025-12-10,0.45268690136101924
2025-12-11,0.4489542285166067
2025-12-12,0.4450628990621967
2025-12-15,0.4415937167195415
2025-12-16,0.44481283585564896
2025-12-17,0.44186331767171083
2025-12-18,0.4395590464015352
2025-12-19,0.4419953511405058
2025-12-22,0.43850468184844854
2025-12-23,0.4403758207699417
2025-12-24,0.44951668079679713
2025-12-26,0.45257057561881425
2025-12-29,0.44857207412420647
2025-12-30,0.45504180218987045
2025-12-31,0.4551374150181426
2026-01-02,0.44961671130902137
2026-01-05,0.4557256275497168
2026-01-06,0.46439587860061426
2026-01-07,0.45513546563281776
2026-01-08,0.4739811723101145
2026-01-09,0.4852315682475816
2026-01-12,0.48757756335890157
2026-01-13,0.48925692210392135
2026-01-14,0.487004538035877
2026-01-15,0.4888086268947134
2026-01-16,0.49063139462255684
2026-01-19,0.48576877398932533
2026-01-20,0.4965071143417844
2026-01-21,0.4961360484125733
2026-01-22,0.5091953121047885
2026-01-23,0.5080326632867267
2026-01-26,0.504586954678918
2026-01-27,0.5052670067014544
2026-01-28,0.4966058992451323
2026-01-29,0.49528882335054236
2026-01-30,0.47700173259388723
2026-01-31,0.48705080245691157
2026-02-02,0.48083044524949065
2026-02-03,0.46404001127666644
2026-02-04,0.4657635573720814
2026-02-05,0.4688026159878498
2026-02-06,0.46624813366886847
2026-02-09,0.4680889571492231
2026-02-10,0.4703544485238576
2026-02-11,0.4703180619043963
2026-02-12,0.49673958611509617
2026-02-13,0.4989675912115911
2026-02-16,0.5057206343259827
2026-02-17,0.49912390309462057
2026-02-18,0.5031353468671677
2026-02-19,0.5043716423253884
2026-02-20,0.49255764105582917
2026-02-23,0.47421290130474036
2026-02-24,0.4737591511606665
2026-02-25,0.479129308876509
2026-02-26,0.47807892739127456
2026-02-27,0.4797468668451495
2026-02-28,0.486890327031409
2026-03-02,0.470040955732253
2026-03-03,0.5017370700963029
2026-03-04,0.5111890413969892
2026-03-05,0.504225759362549
2026-03-06,0.525813053704101
2026-03-09,0.5090930495691048
2026-03-10,0.5320601640347995
2026-03-11,0.5326932545565667
2026-03-12,0.5340058367605063
2026-03-13,0.5199502216400814
2026-03-16,0.5168485825995368
2026-03-17,0.5178951045748719
2026-03-18,0.5099373112584792
2026-03-19,0.5165429790182817
2026-03-20,0.5229277953241934
2026-03-23,0.4899326482340087
2026-03-24,0.4900213341035586
2026-03-25,0.5025765294657335
2026-03-26,0.5049826397829876
2026-03-27,0.5158876677626489
2026-03-30,0.511000586955945
2026-03-31,0.5052157673151809
2026-04-01,0.5278373708314417
2026-04-02,0.5286068443673214
2026-04-03,0.5285339452072859
2026-04-06,0.5287818693391647
2026-04-07,0.5242290420309599
2026-04-08,0.5974912381173024
2026-04-09,0.5947640907265794
2026-04-10,0.5939264647432735
2026-04-13,0.5912025213373514
2026-04-14,0.5968830766853255
2026-04-15,0.5956959241403093
2026-04-16,0.5936909658576072
2026-04-17,0.5981722139359915
2026-04-20,0.5974992236247174
2026-04-21,0.5919255528573119
2026-04-22,0.5892454825089873
2026-04-23,0.5863978435182955
2026-04-24,0.5851916196118884
2026-04-27,0.5855098233226053
2026-04-28,0.5868184453125048
2026-04-29,0.5865462041842116
2026-04-30,0.5839111801302412
2026-05-01,0.5841346721860201
2026-05-04,0.5749129827694516
2026-05-05,0.5740080546355958
2026-05-06,0.5779382194881025
2026-05-07,0.5748207300192714
2026-05-08,0.5738390392095597
2026-05-11,0.5735149750596653
2026-05-12,0.5750061129962554
2026-05-13,0.5733639100694371
2026-05-14,0.5735705458249223
2026-05-15,0.5759221347126184
2026-05-18,0.5778683067261932
2026-05-19,0.5773758653968959
2026-05-20,0.5757819092608
2026-05-21,0.5777382695231373
2026-05-22,0.5815631197892789
2026-05-25,0.5798992566103928
2026-05-26,0.5717433749795998
2026-05-27,0.5711237808284103
2026-05-28,0.5726722805630705
2026-05-29,0.5733248241746759
2026-05-31,0.5772205755101234
2026-06-01,0.5759070657396071
2026-06-02,0.5819698716395167
2026-06-03,0.5822594048017801
2026-06-04,0.5829482548818342
2026-06-05,0.5937420774219205
2026-06-08,0.5964892973449389
2026-06-09,0.5821831010632824
2026-06-10,0.5843736858200954
2026-06-11,0.5810943343721123
2026-06-12,0.5872125955129581
2026-06-15,0.5971552168822862
2026-06-16,0.5967858899216526
2026-06-17,0.6024965657575452
2026-06-18,0.6005307990592745
2026-06-19,0.602838975998536
2026-06-22,0.6021262640718834
2026-06-23,0.6021160217637428
2026-06-24,0.5997345964666858
2026-06-25,0.6027416978910923
2026-06-26,0.606111722609995
2026-06-29,0.6041196416102159
2026-06-30,0.6060913761950966
2026-07-01,0.6042330087954082
2026-07-02,0.599127555210257
2026-07-03,0.6067286112500447
2026-07-06,0.5968896013247309
2026-07-07,0.5941086541172309
2026-07-08,0.5998946554875446
2026-07-09,0.5887755599367839
2026-07-10,0.5883228390913899
2026-07-13,0.5746742049166157
2026-07-14,0.5780642765790579
2026-07-15,0.5690356093705266
2026-07-16,0.56806186310261
2026-07-17,0.5784993328848218
2026-07-20,0.5773603593860437
2026-07-21,0.5816745959556954
2026-07-22,0.5697147187140899
2026-07-23,0.5696399508271274
2026-07-24,0.5819073937234498
2026-07-27,0.5831996462230761
2026-07-28,0.5768983854779683
2026-07-29,0.5701819567845445
2026-07-30,0.5561214526818542
2026-07-31,0.5585589613526517
2026-08-03,0.5632925753582744
2026-08-04,0.5498606401724496
2026-08-05,0.541882392422428
2026-08-06,0.5392130660183695
2026-08-07,0.5363061683025098
2026-08-10,0.5389842114778064
2026-08-11,0.44564909018082793
2026-08-12,0.44574814379082844
2026-08-13,0.4434187704808223
2026-08-14,0.44625967118539756
2026-08-17,0.43553338535077823
2026-08-18,0.44398387903074665
2026-08-19,0.4491001705382119
2026-08-20,0.4400677762039186
2026-08-21,0.4380538306261211
2026-08-24,0.4483808154906861
2026-08-25,0.460593791692668
2026-08-26,0.4649316046047722
2026-08-27,0.4635983621588076
2026-08-28,0.4635469818889457
2026-08-31,0.46477175203874427
2026-09-01,0.4655679909583101
2026-09-02,0.465531636232036
2026-09-03,0.4675650860878578
2026-09-04,0.4764160582948439
2026-09-07,0.4761225231165634
2026-09-08,0.46395943995610417
2026-09-09,0.4728375932623203
2026-09-10,0.47783077441684146
2026-09-11,0.4674819304882175
2026-09-14,0.4660112993818232
2026-09-15,0.46829734608975915
2026-09-16,0.4631460228515919
2026-09-17,0.46176233961894925
2026-09-18,0.45780967324033284
2026-09-21,0.4629326832156804
2026-09-22,0.46278580138492215
2026-09-23,0.4632816831701339
2026-09-24,0.45843972381462256
2026-09-25,0.45971792331217626
2026-09-28,0.46535626572825756
2026-09-29,0.4650088085549171
2026-09-30,0.46418518259031594
2026-10-01,0.4574365100589767
2026-10-02,0.4489448499341653
2026-10-05,0.4518664350770291
2026-10-06,0.4479205314997494
2026-10-07,0.4480316026038362
