Date,Portfolio
2023-06-05,0.08906869792124072
2023-06-06,0.088706813973555
2023-06-07,0.08490768377393257
2023-06-08,0.08540758606641612
2023-06-09,0.08504533616981823
2023-06-12,0.0850290913299824
2023-06-13,0.08540014433780721
2023-06-14,0.08539571447788388
2023-06-15,0.08475538659541723
2023-06-16,0.08449345004664192
2023-06-19,0.08457544478336905
2023-06-20,0.0849752488602489
2023-06-21,0.08549059659369553
2023-06-22,0.08488899252466625
2023-06-23,0.08490254088586964
2023-06-26,0.0841028965580011
2023-06-27,0.08395321260155646
2023-06-28,0.08371677004708936
2023-06-29,0.08249322154547137
2023-06-30,0.08270360634984189
2023-07-03,0.08236328147019019
2023-07-04,0.08228599613039517
2023-07-05,0.08237952172228166
2023-07-06,0.08422483605582493
2023-07-07,0.08373864699638485
2023-07-10,0.08364153368251825
2023-07-11,0.08402233816401405
2023-07-12,0.084336727214924
2023-07-13,0.07652327946313152
2023-07-14,0.07298396231413101
2023-07-17,0.07316857739878836
2023-07-18,0.0721011793622716
2023-07-19,0.07170738143850451
2023-07-20,0.07156643360209142
2023-07-21,0.07122589159360158
2023-07-24,0.06995782766638406
2023-07-25,0.07034281371673196
2023-07-26,0.07072405192932679
2023-07-27,0.07300192407789359
2023-07-28,0.07307577602801173
2023-07-31,0.0730629626369267
2023-08-01,0.07214889718846672
2023-08-02,0.07341200311546488
2023-08-03,0.07366064366801132
2023-08-04,0.07351961984887143
2023-08-07,0.0735185808138986
2023-08-08,0.0731190426617733
2023-08-09,0.07320156383951172
2023-08-10,0.07336192850160644
2023-08-11,0.07422545012433765
2023-08-14,0.07431521271956086
2023-08-15,0.07463784007877104
2023-08-16,0.07476758561594485
2023-08-17,0.07451578678443238
2023-08-18,0.07509308424705696
2023-08-21,0.0750908691085975
2023-08-22,0.07528623971158636
2023-08-23,0.07545039765363079
2023-08-24,0.07534278034338673
2023-08-25,0.07571066512146103
2023-08-28,0.07607496664909995
2023-08-29,0.07494299116751664
2023-08-30,0.07374570458566322
2023-08-31,0.0733816382704506
2023-09-01,0.07348158828375995
2023-09-04,0.07344065648364138
2023-09-05,0.07332970134075953
2023-09-06,0.0727437220779094
2023-09-07,0.0734773542200207
2023-09-08,0.07237099280534982
2023-09-11,0.07235442615664292
2023-09-12,0.07231481141005094
2023-09-13,0.07227779881325626
2023-09-14,0.07355890869840055
2023-09-15,0.07356671138037955
2023-09-18,0.07445346840051495
2023-09-19,0.07448931171879292
2023-09-20,0.07439908696080913
2023-09-21,0.0759710537355878
2023-09-22,0.07550110166445795
2023-09-25,0.0755065809547511
2023-09-26,0.07592481527016774
2023-09-27,0.07350332090618979
2023-09-28,0.0732037558771856
2023-09-29,0.07224329846444766
2023-09-30,0.07222823222073756
2023-10-02,0.07235345908665317
2023-10-03,0.07218157257997435
2023-10-04,0.07372510342118918
2023-10-05,0.0709716152522548
2023-10-06,0.0709204109438142
2023-10-09,0.07074244452262594
2023-10-10,0.07231026623524085
2023-10-11,0.0719574122023167
2023-10-12,0.0721849810397178
2023-10-13,0.07239760863775685
2023-10-16,0.07182434501181556
2023-10-17,0.07182413841526512
2023-10-18,0.07228169716160741
2023-10-19,0.07261921376763966
2023-10-20,0.07455509070491065
2023-10-23,0.07475601776111986
2023-10-24,0.07489739006458555
2023-10-25,0.0748381474810711
2023-10-26,0.0754568437398923
2023-10-27,0.07549497859605139
2023-10-30,0.07521881461895409
2023-10-31,0.07532538652523477
2023-11-01,0.07671387457583213
2023-11-02,0.07832656116333003
2023-11-03,0.07869030264244715
2023-11-06,0.07866788571716536
2023-11-07,0.07879878634096917
2023-11-08,0.07578418209067875
2023-11-09,0.07577556398910291
2023-11-10,0.07567038050343705
2023-11-13,0.07535231316681881
2023-11-14,0.07531795467598285
2023-11-15,0.07580867085825707
2023-11-16,0.07601514209850684
2023-11-17,0.07548253610722716
2023-11-20,0.07552136781139586
2023-11-21,0.0750879838193702
2023-11-22,0.07658068471823948
2023-11-23,0.07656400127516555
2023-11-24,0.07676266439773478
2023-11-27,0.07604853090496219
2023-11-28,0.07624336132620613
2023-11-29,0.07354948063594699
2023-11-30,0.07359057112303366
2023-12-01,0.07423778627876496
2023-12-04,0.07423779068966106
2023-12-05,0.07271039726861521
2023-12-06,0.07291878216262002
2023-12-07,0.07301053478059444
2023-12-08,0.07330021199395086
2023-12-11,0.07298597003567443
2023-12-12,0.07286249301466738
2023-12-13,0.07268516763463717
2023-12-14,0.0719310307676183
2023-12-15,0.07209679880774462
2023-12-18,0.0718136736943648
2023-12-19,0.07142953446913103
2023-12-20,0.07069418015186797
2023-12-21,0.07019953489267196
2023-12-22,0.07019633315297949
2023-12-26,0.06963284593476696
2023-12-27,0.06945791931348914
2023-12-28,0.06947374457735833
2023-12-29,0.06896487684375072
2023-12-31,0.06805099946440636
2024-01-02,0.06783923732999712
2024-01-03,0.06896901254808616
2024-01-04,0.06888407653242182
2024-01-05,0.06890517034332058
2024-01-08,0.06897878686246309
2024-01-09,0.06897325370044155
2024-01-10,0.0690039159647695
2024-01-11,0.06806318085200252
2024-01-12,0.06812529905110483
2024-01-15,0.06812122161363089
2024-01-16,0.06813711119730197
2024-01-17,0.07005914342429023
2024-01-18,0.06944468217068503
2024-01-19,0.06948152266988501
2024-01-22,0.0691307222779596
2024-01-23,0.06920956780494504
2024-01-24,0.07065235931934749
2024-01-25,0.06786979813191762
2024-01-26,0.06784696408027394
2024-01-29,0.06792519198610426
2024-01-30,0.0670482495523844
2024-01-31,0.06780981426495508
2024-02-01,0.06748346678191265
2024-02-02,0.0678921032956666
2024-02-05,0.06802214107687646
2024-02-06,0.06800494252922569
2024-02-07,0.06758309112724556
2024-02-08,0.06547807875275291
2024-02-09,0.06546151399182278
2024-02-12,0.06544673918056416
2024-02-13,0.06654090007723792
2024-02-14,0.06537129502244668
2024-02-15,0.06527276914722756
2024-02-16,0.06524125673717915
2024-02-19,0.06490565804938153
2024-02-20,0.06576280452215
2024-02-21,0.06573854184373194
2024-02-22,0.06777281154069605
2024-02-23,0.06700131620680731
2024-02-26,0.06440715938251201
2024-02-27,0.06340928018276035
2024-02-28,0.06358506790175762
2024-02-29,0.06324656905704772
2024-03-01,0.06229360938501314
2024-03-04,0.06189870014194075
2024-03-05,0.06291366382343286
2024-03-06,0.06263022077243094
2024-03-07,0.06132393047391024
2024-03-08,0.05929651095334262
2024-03-11,0.0596925560746294
2024-03-12,0.06072259633774111
2024-03-13,0.060669707390244604
2024-03-14,0.06062861512701658
2024-03-15,0.06104685001020049
2024-03-18,0.06103085065273828
2024-03-19,0.061243541363841816
2024-03-20,0.06090495419808016
2024-03-21,0.061489550774401366
2024-03-22,0.061213777291558906
2024-03-25,0.061495624185422405
2024-03-26,0.061486142858414486
2024-03-27,0.06150751903139994
2024-03-28,0.060152457964201544
2024-03-29,0.06017289533091601
2024-03-31,0.059798988491215566
2024-04-01,0.05974579766573211
2024-04-02,0.058985975856636515
2024-04-03,0.05866994525591456
2024-04-04,0.05865100104024566
2024-04-05,0.05864955669929957
2024-04-08,0.058645744184771975
2024-04-09,0.058632853785042675
2024-04-10,0.057928858570715
2024-04-11,0.05777867445342929
2024-04-12,0.05751748467777493
2024-04-15,0.057617124443691194
2024-04-16,0.06421447905153495
2024-04-17,0.06422112091431009
2024-04-18,0.06415770416708506
2024-04-19,0.06471143962923534
2024-04-22,0.06464834956918153
2024-04-23,0.06539028148917636
2024-04-24,0.06557772218350126
2024-04-25,0.0675372000122839
2024-04-26,0.07050129647499485
2024-04-29,0.07074223004954308
2024-04-30,0.07094400791890401
2024-05-01,0.07194782117736903
2024-05-02,0.07216274161152972
2024-05-03,0.07288621649752879
2024-05-06,0.07307863788319267
2024-05-07,0.07206288266884277
2024-05-08,0.07211951708266051
2024-05-09,0.07190880162382562
2024-05-10,0.07250869116084889
2024-05-13,0.07269194445268677
2024-05-14,0.07290418536599484
2024-05-15,0.0731672549029048
2024-05-16,0.07327654330238619
2024-05-17,0.07318495187201424
2024-05-20,0.07317559490792239
2024-05-21,0.07127120724678628
2024-05-22,0.07064798399965934
2024-05-23,0.07093385222906708
2024-05-24,0.07114061994979047
2024-05-27,0.07099222770793985
2024-05-28,0.06961859461407152
2024-05-29,0.0702548160152826
2024-05-30,0.0704370016886487
2024-05-31,0.07095684609903002
2024-06-03,0.07203761583042159
2024-06-04,0.07190540167481979
2024-06-05,0.07266526107304978
2024-06-06,0.07196416805522202
2024-06-07,0.07182882509023807
2024-06-10,0.07157712548763367
2024-06-11,0.07171543107241088
2024-06-12,0.07210304751458535
2024-06-13,0.07235607902502558
2024-06-14,0.0720724739405041
2024-06-17,0.0712726807704308
2024-06-18,0.07138248569673285
2024-06-19,0.07140571508079298
2024-06-20,0.07129798816289058
2024-06-21,0.07139759596000429
2024-06-24,0.0705546880135545
2024-06-25,0.07060223049046113
2024-06-26,0.06750507521032711
2024-06-27,0.06760877314756328
2024-06-28,0.06751720193337438
2024-06-30,0.06746931997918543
2024-07-01,0.06750252141365759
2024-07-02,0.06767575575195728
2024-07-03,0.06752194306384587
2024-07-04,0.06731644322530711
2024-07-05,0.06668411801195376
2024-07-08,0.06648792570652216
2024-07-09,0.06658410468483232
2024-07-10,0.06649683224804849
2024-07-11,0.06612841140306583
2024-07-12,0.06495994782492519
2024-07-15,0.06515900867165829
2024-07-16,0.06523265347872517
2024-07-17,0.0668718222872765
2024-07-18,0.06701637179582945
2024-07-19,0.06766367632879898
2024-07-22,0.06773109416609746
2024-07-23,0.06679013915614485
2024-07-24,0.06804818224318368
2024-07-25,0.0688781480999625
2024-07-26,0.0691151195811706
2024-07-29,0.06929297500480094
2024-07-30,0.06890104214615846
2024-07-31,0.06920871415105764
2024-08-01,0.06920605212299259
2024-08-02,0.08596128660391456
2024-08-05,0.09679816891392708
2024-08-06,0.09832158909145401
2024-08-07,0.10144739687427091
2024-08-08,0.10124608266438627
2024-08-09,0.10124514831202905
2024-08-12,0.1013523208715671
2024-08-13,0.10151857190405102
2024-08-14,0.10152772397979691
2024-08-15,0.10353261968395079
2024-08-16,0.1036900364226712
2024-08-19,0.10002329358645944
2024-08-20,0.10002649145919813
2024-08-21,0.10000780947043061
2024-08-22,0.09947372633639348
2024-08-23,0.09944765271911853
2024-08-26,0.09892083903058613
2024-08-27,0.09879139643861133
2024-08-28,0.09731085438412614
2024-08-29,0.09539612327351181
2024-08-30,0.09515339918155963
2024-08-31,0.09504350402497569
2024-09-02,0.09432068335827226
2024-09-03,0.09470422425607948
2024-09-04,0.09540558218552264
2024-09-05,0.09521241685592223
2024-09-06,0.09546855739616115
2024-09-09,0.09523862160519844
2024-09-10,0.09523647946320603
2024-09-11,0.09463805546443246
2024-09-12,0.09589786691004092
2024-09-13,0.09616650497126909
2024-09-16,0.09588187769583904
2024-09-17,0.0960270654075386
2024-09-18,0.09619450002908633
2024-09-19,0.09814394573444524
2024-09-20,0.0982546015987308
2024-09-23,0.09832006852412645
2024-09-24,0.09863632142339104
2024-09-25,0.09835251385160841
2024-09-26,0.10065521132871176
2024-09-27,0.10084565062275033
2024-09-30,0.10040360902961767
2024-10-01,0.10028478557242389
2024-10-02,0.10007837149382244
2024-10-03,0.09943112657211271
2024-10-04,0.0995845046087202
2024-10-07,0.09901053787704474
2024-10-08,0.09944210722240299
2024-10-09,0.09939910262897728
2024-10-10,0.09941050913397863
2024-10-11,0.09946963477348389
2024-10-14,0.09954865747289561
2024-10-15,0.09968741485893627
2024-10-16,0.09969321443381136
2024-10-17,0.0999865331463693
2024-10-18,0.09984136159676073
2024-10-21,0.09982548407298984
2024-10-22,0.09958451498627377
2024-10-23,0.09941669687889469
2024-10-24,0.09973211740876582
2024-10-25,0.09974372624453307
2024-10-28,0.09973598486717666
2024-10-29,0.09955989120533511
2024-10-30,0.1000933423063333
2024-10-31,0.1024022287571847
2024-11-01,0.1025246487074744
2024-11-04,0.10276197550218596
2024-11-05,0.10284406081900047
2024-11-06,0.10467424602430508
2024-11-07,0.10535605628677439
2024-11-08,0.10536130025753647
2024-11-11,0.10564358790001793
2024-11-12,0.10647577224979947
2024-11-13,0.1063333681345611
2024-11-14,0.10650656163092331
2024-11-15,0.10717200850088919
2024-11-18,0.10723655261404866
2024-11-19,0.10614817197533334
2024-11-20,0.10609717588561654
2024-11-21,0.10565316589124232
2024-11-22,0.10679884045683394
2024-11-25,0.10665725292955074
2024-11-26,0.10577164056512468
2024-11-27,0.1052983288260408
2024-11-28,0.10517613909418498
2024-11-29,0.10510814990786006
2024-12-02,0.10612801836240285
2024-12-03,0.10599554697647004
2024-12-04,0.10625606626953374
2024-12-05,0.09264380546691796
2024-12-06,0.079993545312913
2024-12-09,0.0789965791293554
2024-12-10,0.07602464636808627
2024-12-11,0.07601012101407865
2024-12-12,0.07602812604464226
2024-12-13,0.0761914211978485
2024-12-16,0.0761178644131457
2024-12-17,0.07685732516220628
2024-12-18,0.07446652520633781
2024-12-19,0.07633510901573456
2024-12-20,0.07669074794462567
2024-12-23,0.07690271733898206
2024-12-24,0.07691789341322801
2024-12-26,0.07690694672543553
2024-12-27,0.07689442807790559
2024-12-30,0.07794226033554197
2024-12-31,0.07818722382984249
2025-01-02,0.07861629165688978
2025-01-03,0.07834099195249944
2025-01-06,0.07890535204144394
2025-01-07,0.07889683161108142
2025-01-08,0.07946002774748497
2025-01-09,0.07868182978764217
2025-01-10,0.07763209492460675
2025-01-13,0.07818860711450648
2025-01-14,0.07750318916950154
2025-01-15,0.07851712440642232
2025-01-16,0.07892992926610154
2025-01-17,0.07894500249290323
2025-01-20,0.07780818819780858
2025-01-21,0.07762802030616528
2025-01-22,0.07766528002281546
2025-01-23,0.07747674154053974
2025-01-24,0.07726557942550474
2025-01-27,0.07668042527009405
2025-01-28,0.07695830603621548
2025-01-29,0.07728664165499612
2025-01-30,0.0769074525036478
2025-01-31,0.07703926487445928
2025-02-03,0.07594578355484173
2025-02-04,0.07584069699290184
2025-02-05,0.07600733203551549
2025-02-06,0.07835916378686199
2025-02-07,0.07808653434399639
2025-02-10,0.07781652076294918
2025-02-11,0.0771720445937546
2025-02-12,0.077156087387825
2025-02-13,0.07659712609936414
2025-02-14,0.07664544926850123
2025-02-17,0.07678104771769029
2025-02-18,0.07698756010374007
2025-02-19,0.07673413631322454
2025-02-20,0.07639093223387038
2025-02-21,0.07640106098799701
2025-02-24,0.07751330273594932
2025-02-25,0.0780290641735766
2025-02-26,0.07877185191793476
2025-02-27,0.07879015087674089
2025-02-28,0.08035806149526087
2025-03-03,0.08014172743537407
2025-03-04,0.08685944927727893
2025-03-05,0.0869946700878149
2025-03-06,0.08700929178508007
2025-03-07,0.08672441563038989
2025-03-10,0.08590286812736832
2025-03-11,0.0881184650293439
2025-03-12,0.08795183801894922
2025-03-13,0.08759116777647277
2025-03-14,0.08627126690169633
2025-03-17,0.08568805046419127
2025-03-18,0.08568309716912698
2025-03-19,0.08537761615665332
2025-03-20,0.08456608709020552
2025-03-21,0.0850779312677123
2025-03-24,0.08549748394573971
2025-03-25,0.0846283064555557
2025-03-26,0.08465265166852691
2025-03-27,0.08474063413892337
2025-03-28,0.08821195570001324
2025-03-31,0.08978396621285564
2025-04-01,0.08954852426519136
2025-04-02,0.08957651083543096
2025-04-03,0.10559737986272827
2025-04-04,0.11796168522225058
2025-04-07,0.1303567522024058
2025-04-08,0.13820843363844873
2025-04-09,0.14842349747594297
2025-04-10,0.16096578965558125
2025-04-11,0.16167442609637075
2025-04-14,0.16547573919730826
2025-04-15,0.16583974456249512
2025-04-16,0.16653339152906557
2025-04-17,0.16647763354110992
2025-04-18,0.16634293041822765
2025-04-21,0.1663634335923536
2025-04-22,0.16638430087728934
2025-04-23,0.17508652124100985
2025-04-24,0.17491512945961823
2025-04-25,0.1751511943118116
2025-04-28,0.1747368629897007
2025-04-29,0.17465553598684344
2025-04-30,0.17453069315195188
2025-05-01,0.17639774306795508
2025-05-02,0.17702294935687202
2025-05-05,0.1771121546597523
2025-05-06,0.17691308387298454
2025-05-07,0.17671906140326046
2025-05-08,0.17698777633811544
2025-05-09,0.17712002975997404
2025-05-12,0.18201299571217183
2025-05-13,0.18212875445213542
2025-05-14,0.18196488849718093
2025-05-15,0.18203895705019893
2025-05-16,0.1817799869165596
2025-05-19,0.18165591169244652
2025-05-20,0.18164082096937825
2025-05-21,0.1813110445901985
2025-05-22,0.18117951541559843
2025-05-23,0.18196678888319942
2025-05-26,0.18213373297056562
2025-05-27,0.182279956850208
2025-05-28,0.18245549554343685
2025-05-29,0.1824901140199113
2025-05-30,0.18258807126128823
2025-05-31,0.18205061244796894
2025-06-02,0.18185171445527837
2025-06-03,0.18201429535304645
2025-06-04,0.18238001721756616
2025-06-05,0.1821814393264525
2025-06-06,0.18220901752403604
2025-06-09,0.1821294382824718
2025-06-10,0.182113922496917
2025-06-11,0.18094403036601503
2025-06-12,0.18175265845824992
2025-06-13,0.1818174123374724
2025-06-16,0.18189044335102073
2025-06-17,0.1818789171574736
2025-06-18,0.18163899822713764
2025-06-19,0.18180598065766004
2025-06-20,0.18166244547970095
2025-06-23,0.1814036826040823
2025-06-24,0.18240808940042363
2025-06-25,0.18240048166804948
2025-06-26,0.182485725110566
2025-06-27,0.18238555605868279
2025-06-30,0.18220859591625876
2025-07-01,0.1817832830977383
2025-07-02,0.18195502935989058
2025-07-03,0.1817499720624121
2025-07-04,0.1816433801238461
2025-07-07,0.17879488774044952
2025-07-08,0.1787529557027399
2025-07-09,0.17876598156532686
2025-07-10,0.17857832423165576
2025-07-11,0.17773854053655747
2025-07-14,0.17643132668199848
2025-07-15,0.1764962739353014
2025-07-16,0.1766256080229917
2025-07-17,0.17657970803010067
2025-07-18,0.176482587958939
2025-07-21,0.17649094455033057
2025-07-22,0.176753998980016
2025-07-23,0.17689730444899315
2025-07-24,0.1766617706679509
2025-07-25,0.1763313564981559
2025-07-28,0.17655315291758658
2025-07-29,0.17661835502711282
2025-07-30,0.17659642159405428
2025-07-31,0.174769124632866
2025-08-01,0.17927701005779398
2025-08-04,0.1791785282408606
2025-08-05,0.17919872207690146
2025-08-06,0.1699884635317343
2025-08-07,0.16125893328414106
2025-08-08,0.14990813545362094
2025-08-11,0.14390120731103975
2025-08-12,0.13017905149471293
2025-08-13,0.1168851280181129
2025-08-14,0.11467580084788913
2025-08-15,0.11045219977628533
2025-08-18,0.11013974862558369
2025-08-19,0.10774789146317647
2025-08-20,0.10813225412906093
2025-08-21,0.10810259838010275
2025-08-22,0.10785126121735363
2025-08-25,0.10766213547950067
2025-08-26,0.09533058000826938
2025-08-27,0.09528459449888049
2025-08-28,0.09514100992207145
2025-08-29,0.09547437275634027
2025-08-31,0.09537239166910122
2025-09-01,0.09514496730801968
2025-09-02,0.09336064479185477
2025-09-03,0.09253212521968587
2025-09-04,0.09259708101366253
2025-09-05,0.09214109070235534
2025-09-08,0.09213231950937335
2025-09-09,0.09138592344056383
2025-09-10,0.09136075785055511
2025-09-11,0.08108937948502039
2025-09-12,0.0810471445984318
2025-09-15,0.08097313842920051
2025-09-16,0.0812228005311307
2025-09-17,0.08121854569068002
2025-09-18,0.08187120151683258
2025-09-19,0.08185078186071389
2025-09-22,0.08124592433699655
2025-09-23,0.08078802866390783
2025-09-24,0.07794708938077144
2025-09-25,0.0780720119893156
2025-09-26,0.07769175144282063
2025-09-29,0.07722609112393798
2025-09-30,0.07701492280055725
2025-10-01,0.07660395965322143
2025-10-02,0.07747414222418288
2025-10-03,0.07678476048627193
2025-10-06,0.07611257023204045
2025-10-07,0.07537897107415172
2025-10-08,0.0754795048954846
2025-10-09,0.07439267503829068
2025-10-10,0.07519710310288666
2025-10-13,0.07543653445276984
2025-10-14,0.07596691654076372
2025-10-15,0.07497980094282113
2025-10-16,0.07435409729443032
2025-10-17,0.07549228240679721
2025-10-20,0.07741596200194134
2025-10-21,0.07750399944048754
2025-10-22,0.07688703859394487
2025-10-23,0.07687692189146723
2025-10-24,0.07700335090006864
2025-10-27,0.07520031887510795
2025-10-28,0.07522939135239896
2025-10-29,0.07491862566134168
2025-10-30,0.0743383663597117
2025-10-31,0.07434550803106557
2025-11-03,0.07427068663495695
2025-11-04,0.07463250448552666
2025-11-05,0.07399957458198568
2025-11-06,0.07437028882913156
2025-11-07,0.0766052861370865
2025-11-10,0.07976161001408619
2025-11-11,0.07981564475831741
2025-11-12,0.08005845635979138
2025-11-13,0.08084796170493776
2025-11-14,0.08241066307839519
2025-11-17,0.08210411778510772
2025-11-18,0.08636649720924512
2025-11-19,0.08604955872254727
2025-11-20,0.08647440559425028
2025-11-21,0.08930369512901519
2025-11-24,0.0892638270023952
2025-11-25,0.08902087543309714
2025-11-26,0.09006750450510191
2025-11-27,0.0900950486868752
2025-11-28,0.08968979695050562
2025-11-30,0.08941194481261026
2025-12-01,0.08936961730567469
2025-12-02,0.08949771413239267
2025-12-03,0.07797341310854093
2025-12-04,0.0768386527765357
2025-12-05,0.07717849573714758
2025-12-08,0.07666836765868311
2025-12-09,0.07534438015077956
2025-12-10,0.07530883474508629
2025-12-11,0.07551236408852546
2025-12-12,0.07549824794613362
2025-12-15,0.07549215900940322
2025-12-16,0.07611288290258575
2025-12-17,0.07610378395080589
2025-12-18,0.07612437698318786
2025-12-19,0.07643489361899054
2025-12-22,0.07590130185480588
2025-12-23,0.07586947837697404
2025-12-24,0.07583107445436377
2025-12-26,0.07557948634943161
2025-12-29,0.07543333484790632
2025-12-30,0.07552339660658151
2025-12-31,0.07539327848382582
2026-01-02,0.07497075826327428
2026-01-05,0.07605460158834716
2026-01-06,0.07643912807684902
2026-01-07,0.075063339389405
2026-01-08,0.07530463346593588
2026-01-09,0.07571823036402066
2026-01-12,0.0757201659660867
2026-01-13,0.0757296428616385
2026-01-14,0.07603230601606052
2026-01-15,0.07648816260698653
2026-01-16,0.07670136192767044
2026-01-19,0.07690261492915301
2026-01-20,0.07922327662200015
2026-01-21,0.07871659206394903
2026-01-22,0.07972926060577586
2026-01-23,0.07884925548785088
2026-01-26,0.07907358817777368
2026-01-27,0.07907582904057771
2026-01-28,0.07920903526490006
2026-01-29,0.07996404270710995
2026-01-30,0.07965795519757256
2026-01-31,0.0796378527280394
2026-02-02,0.07966716453824897
2026-02-03,0.07968951320215872
2026-02-04,0.08024483196874166
2026-02-05,0.08023127915872312
2026-02-06,0.08031015935613599
2026-02-09,0.0805564355171035
2026-02-10,0.08102315775486539
2026-02-11,0.08087563290670402
2026-02-12,0.08102969751836722
2026-02-13,0.08141253221888374
2026-02-16,0.08120142912082652
2026-02-17,0.080726361811537
2026-02-18,0.08080924972657917
2026-02-19,0.08093975275997473
2026-02-20,0.07996861236006747
2026-02-23,0.07804353557602378
2026-02-24,0.07791118654794547
2026-02-25,0.07849218449924865
2026-02-26,0.0785092019718433
2026-02-27,0.07911597005042105
2026-02-28,0.07905280869078937
2026-03-02,0.07943198881257126
2026-03-03,0.08647667460233129
2026-03-04,0.08782656863878051
2026-03-05,0.08784434232349321
2026-03-06,0.09148607784678452
2026-03-09,0.09216181424595699
2026-03-10,0.09629600968354951
2026-03-11,0.09598877824869448
2026-03-12,0.09576529452241259
2026-03-13,0.09306062195650686
2026-03-16,0.0929748537829067
2026-03-17,0.09314508920737823
2026-03-18,0.09257605013731392
2026-03-19,0.09402997978668996
2026-03-20,0.09487344127422151
2026-03-23,0.09107067622217951
2026-03-24,0.09077332768891797
2026-03-25,0.09244130348527013
2026-03-26,0.09092084143130309
2026-03-27,0.09245588805670055
2026-03-30,0.09229562062536718
2026-03-31,0.09133288525133339
2026-04-01,0.09539526253235588
2026-04-02,0.09559933720057354
2026-04-03,0.09560332203962907
2026-04-06,0.0955856511528134
2026-04-07,0.09545083777130113
2026-04-08,0.10983323174743106
2026-04-09,0.10999393249584985
2026-04-10,0.1098536655923337
2026-04-13,0.10985767524568832
2026-04-14,0.11100617018317531
2026-04-15,0.11147458315110745
2026-04-16,0.1114706617943325
2026-04-17,0.11225603766108846
2026-04-20,0.11196849132096835
2026-04-21,0.11151485422101724
2026-04-22,0.11154919113307277
2026-04-23,0.11155410506490594
2026-04-24,0.11138194337906601
2026-04-27,0.11139201690958793
2026-04-28,0.11168980735997193
2026-04-29,0.11169572572263078
2026-04-30,0.11169610051675047
2026-05-01,0.1119728237738328
2026-05-04,0.11190208812753502
2026-05-05,0.11217178748845609
2026-05-06,0.11369443720562303
2026-05-07,0.11300773367206515
2026-05-08,0.11281586932721077
2026-05-11,0.11278052763397824
2026-05-12,0.11325999084964819
2026-05-13,0.11287602056347486
2026-05-14,0.11361350327053678
2026-05-15,0.11441656440077587
2026-05-18,0.11424397585320728
2026-05-19,0.11379736744894473
2026-05-20,0.11395485279039579
2026-05-21,0.1138923480870969
2026-05-22,0.11271639167220551
2026-05-25,0.11290346573546328
2026-05-26,0.11215368538942455
2026-05-27,0.11214317743199631
2026-05-28,0.11204291872680826
2026-05-29,0.11222080251257528
2026-05-31,0.11210878880080563
2026-06-01,0.11171321880102263
2026-06-02,0.11180006826790898
2026-06-03,0.11210734390460929
2026-06-04,0.11216215717162258
2026-06-05,0.11274773024059238
2026-06-08,0.11302950813435687
2026-06-09,0.11245391944582087
2026-06-10,0.11342348265515892
2026-06-11,0.11330050723459556
2026-06-12,0.11475467485826907
2026-06-15,0.11729411585040504
2026-06-16,0.11718877689440466
2026-06-17,0.11641088048531853
2026-06-18,0.1165485022378005
2026-06-19,0.11663990760177792
2026-06-22,0.11583495410466357
2026-06-23,0.11707902526432942
2026-06-24,0.11714034584785651
2026-06-25,0.11743675973228708
2026-06-26,0.11791755556419233
2026-06-29,0.11803526598562823
2026-06-30,0.11862718980311739
2026-07-01,0.11804597090829455
2026-07-02,0.11804219529758964
2026-07-03,0.11798054458080617
2026-07-06,0.11243905766600028
2026-07-07,0.11213168883087325
2026-07-08,0.11267307542993327
2026-07-09,0.10961329103022482
2026-07-10,0.10868049743215281
2026-07-13,0.10549573654885783
2026-07-14,0.1057211738703708
2026-07-15,0.10430785719630396
2026-07-16,0.10411066372594896
2026-07-17,0.10629588964588062
2026-07-20,0.10599280288654128
2026-07-21,0.1060550428640336
2026-07-22,0.10333732918293138
2026-07-23,0.1033581177049132
2026-07-24,0.10346137298925957
2026-07-27,0.10330882810319068
2026-07-28,0.10246675534021889
2026-07-29,0.10144767477529622
2026-07-30,0.09891955029451925
2026-07-31,0.10014618532724293
2026-08-03,0.10054919048057301
2026-08-04,0.09815589511368392
2026-08-05,0.09816447310024735
2026-08-06,0.09840884188456725
2026-08-07,0.09839777390005465
2026-08-10,0.09825512011952618
2026-08-11,0.08322113557017984
2026-08-12,0.08289484946734298
2026-08-13,0.08273439306396109
2026-08-14,0.08285294167080336
2026-08-17,0.08179201397418101
2026-08-18,0.08246389734593378
2026-08-19,0.08290365423644755
2026-08-20,0.08198802233888386
2026-08-21,0.08203860615971825
2026-08-24,0.08210373220445327
2026-08-25,0.08205401898481143
2026-08-26,0.08215130182667407
2026-08-27,0.08208253732376612
2026-08-28,0.08241067057139045
2026-08-31,0.08284790855457146
2026-09-01,0.08310955959700635
2026-09-02,0.08325879502399804
2026-09-03,0.08302311238895553
2026-09-04,0.083147723038325
2026-09-07,0.08284897410302343
2026-09-08,0.08074235955940645
2026-09-09,0.08173848765862449
2026-09-10,0.08250108482073285
2026-09-11,0.08300691893944778
2026-09-14,0.0827299332295248
2026-09-15,0.08291504100482253
2026-09-16,0.08188016339242345
2026-09-17,0.08117197300015194
2026-09-18,0.08117620522218523
2026-09-21,0.08197369372594167
2026-09-22,0.08200888302663104
2026-09-23,0.08200285076770317
2026-09-24,0.08191334804515621
2026-09-25,0.08166467162178147
2026-09-28,0.08189101543300144
2026-09-29,0.08190417601992
2026-09-30,0.08192720846021599
2026-10-01,0.08174021334035622
2026-10-02,0.08209240286439329
2026-10-05,0.08314659764407745
2026-10-06,0.08324302065014492
2026-10-07,0.08328457621115266
2026-10-08,0.08346085590942781
2026-10-09,0.08292496383224635
